{
  "1048576": [
    2.88773,
    3.868471,
    2.638,
    2.346,
    2.223,
    1.069,
    2.882,
    2.563,
    2.951379,
    2.342,
    1.691,
    4.367,
    4.421,
    7.505,
    1.957,
    2.77,
    4.287,
    2.166,
    2.471787,
    1.339432,
    1.187,
    2.276,
    2.693,
    1.827,
    2.291,
    4.02,
    3.429,
    1.385649,
    1.351,
    1.638,
    3.028,
    2.316,
    2.207,
    2.78507,
    3.449906,
    3.491095,
    2.767,
    3.687607,
    2.198,
    2.905,
    3.609097,
    5.047,
    3.278859,
    4.150507,
    3.886,
    4.287,
    1.423889,
    2.229,
    3.877099
  ],
  "51200": [
    0.349097,
    1.182844,
    0.440616,
    1.126,
    0.714791,
    0.544556,
    0.875284,
    1.550318,
    2.77,
    1.329559,
    1.028784,
    1.72,
    1.360843,
    1.073706,
    1.059003,
    1.565458,
    0.748619,
    0.339847,
    1.159876,
    0.390978,
    1.219002,
    0.754,
    1.410512,
    1.801272,
    0.892,
    0.604158,
    1.337276,
    2.271278,
    0.894124,
    1.551995,
    0.914,
    1.263,
    1.959727,
    1.216977,
    1.063451,
    1.047362,
    1.210052,
    0.633222,
    1.442,
    0.718103,
    1.310307,
    0.176,
    0.428248,
    1.634205,
    2.57739,
    2.021416,
    0.978902,
    1.079203,
    0.909471,
    1.166456,
    0.830122,
    1.327676,
    1.04,
    1.63787,
    1.191769,
    1.56648,
    1.222248,
    1.204756,
    0.682794,
    0.825,
    1.367225,
    0.377,
    1.474539,
    0.566014,
    1.408468,
    1.804,
    0.873124,
    2.541312,
    1.254,
    0.909386,
    0.626496,
    0.542172,
    0.670996,
    1.307,
    0.822956,
    1.971806,
    0.786486,
    0.333643,
    0.374016,
    0.426362,
    0.90057,
    1.092,
    0.760856,
    3.234,
    1.054774,
    1.212103,
    1.557597,
    1.504427,
    0.738316,
    1.651897,
    0.909008,
    1.323273,
    0.715041,
    1.417925,
    0.529608,
    1.397238,
    1.763784,
    0.706352,
    0.794,
    0.659144,
    1.361,
    1.265,
    0.745224,
    0.828,
    0.875,
    2.089,
    1.165013,
    0.908,
    1.406306,
    0.981248,
    1.34905,
    1.27139,
    1.480936,
    1.294,
    1.576748,
    1.11334,
    1.575564,
    0.681616,
    1.231978,
    0.502142,
    1.459,
    1.287316,
    0.793439,
    0.542739,
    0.727841,
    1.88187,
    1.53854,
    1.494436,
    1.342103,
    1.384007,
    0.906,
    0.681,
    1.017519,
    0.626,
    1.723829,
    1.189095,
    0.73,
    0.896282,
    1.566278,
    1.68,
    1.16238,
    1.220077,
    0.755,
    1.481946,
    0.815238,
    1.800897,
    1.748,
    0.596374,
    1.72016,
    1.444773,
    1.072716,
    2.606399,
    0.592647,
    0.71569,
    1.0402,
    0.962631,
    0.793762,
    0.488,
    1.425,
    2.565103,
    0.588592,
    2.603103,
    1.440411,
    2.609582,
    0.787876,
    0.369376,
    0.483072,
    0.780184,
    0.746208,
    0.631397,
    1.585518,
    1.373375,
    0.627676,
    1.057,
    0.774296,
    0.532945,
    1.452111,
    0.684,
    0.570483,
    0.997111,
    1.107686,
    0.334957,
    1.566731,
    1.206111,
    0.747,
    0.813103,
    2.106644,
    0.759908,
    0.830994,
    1.171,
    1.441,
    1.207069,
    0.707,
    0.685274,
    0.832,
    1.199,
    1.063961,
    0.501419,
    1.117,
    1.552676,
    1.156692,
    2.07,
    0.856111,
    0.759612,
    0.663702,
    0.720361,
    1.511,
    1.541266,
    1.626802,
    0.822,
    0.327,
    0.342303,
    1.609744,
    0.440288,
    1.964111,
    0.772413,
    1.644,
    1.034829,
    1.155238,
    0.751997,
    1.520569,
    1.773238,
    1.686989,
    1.237,
    1.308016,
    1.106105,
    1.241664,
    1.26674,
    1.242755,
    1.207,
    0.63793,
    1.956768,
    1.618111,
    0.833704,
    0.747641,
    3.439413,
    1.888755,
    1.362864,
    1.274517,
    1.568,
    0.64843,
    2.077,
    2.666,
    1.317897,
    2.656,
    1.582,
    2.847933,
    1.371324,
    1.694492,
    2.074715,
    1.195509,
    1.185485,
    0.664072,
    0.182735,
    1.482,
    2.010076,
    0.421,
    0.719344,
    1.369,
    0.750937,
    1.20754,
    1.523925,
    1.414,
    1.976799,
    0.82,
    0.670136,
    2.597,
    1.0182,
    0.613743,
    0.935821,
    0.434491,
    1.236,
    0.818197,
    0.804303,
    2.596873,
    1.338223,
    1.147408,
    0.887728,
    1.082139,
    1.212321,
    2.897124,
    1.857716,
    2.80156,
    2.813867,
    1.115388,
    1.424,
    1.709,
    1.681805,
    3.259773,
    1.181,
    1.5,
    1.277016,
    1.725813,
    0.908132,
    1.348882,
    0.507787,
    1.706206,
    1.267872,
    0.866692,
    0.732,
    1.846933,
    1.642
  ],
  "5242880": [
    4.030399,
    5.423,
    3.997169,
    14.384,
    14.478,
    9.203,
    10.834,
    4.56,
    11.625,
    13.255889,
    5.46516,
    8.524,
    11.512033,
    8.911,
    9.984778,
    12.445881,
    5.434,
    7.517853,
    17.230759
  ],