{
  "1048576": [
    0.440254,
    0.626978,
    0.208439,
    0.497,
    0.623,
    0.353,
    1.074,
    0.985,
    0.762,
    1.027425,
    0.8,
    0.211865,
    0.688,
    0.41233,
    0.560008,
    0.615,
    0.276,
    0.433,
    0.581328,
    0.517614,
    0.880899,
    0.75,
    0.387,
    0.726104,
    0.714889,
    0.77775,
    0.920449,
    1.106,
    0.542,
    0.345925,
    0.750442,
    0.554627,
    0.603,
    0.833,
    1.117,
    0.16,
    0.204,
    0.625886,
    0.543856,
    0.916,
    0.618097,
    0.770128,
    0.7,
    1.307194,
    0.981,
    0.352335,
    0.828,
    0.776796
  ],
  "51200": [
    0.591,
    0.619922,
    0.17,
    0.630274,
    0.82512,
    0.331,
    0.295213,
    0.349,
    0.476,
    1.219415,
    0.395852,
    0.451,
    0.492,
    1.05,
    0.901,
    0.621,
    1.291,
    0.811692,
    0.484,
    0.223,
    0.151771,
    0.671,
    0.467,
    1.094753,
    0.351,
    0.412,
    0.701,
    0.587017,
    0.622426,
    0.446643,
    0.348284,
    0.440227,
    0.525792,
    0.478064,
    0.78374,
    0.47,
    0.648626,
    0.546431,
    0.236,
    0.159,
    0.248945,
    0.621584,
    0.352,
    0.315,
    0.510895,
    0.558966,
    0.406854,
    0.272,
    0.212048,
    1.197,
    0.688,
    0.248293,
    0.758,
    1.262246,
    0.482657,
    0.781,
    0.999214,
    0.565124,
    1.256964,
    0.608,
    1.156223,
    0.272,
    0.551,
    0.261938,
    0.323262,
    0.628408,
    0.346,
    0.558889,
    0.44,
    0.813944,
    0.31,
    0.265,
    0.357194,
    0.507,
    0.873634,
    0.660376,
    0.630564,
    0.351252,
    0.967,
    0.498395,
    0.446,
    0.556597,
    0.663388,
    0.352,
    0.305,
    0.505,
    0.51824,
    0.454,
    1.199,
    0.765626,
    0.859,
    0.389569,
    0.561,
    1.243,
    0.639567,
    0.328,
    0.207526,
    0.523603,
    0.874294,
    0.648,
    0.454,
    1.0,
    0.537,
    0.312,
    0.511,
    0.701,
    0.421,
    0.96493,
    1.31,
    0.567805,
    0.865097,
    1.007,
    0.424,
    0.49894,
    0.649,
    1.065,
    0.555131,
    0.49455,
    1.316361,
    0.831,
    1.020824,
    0.656637,
    0.62337,
    0.269373,
    0.46,
    0.344,
    0.225763,
    0.369,
    0.521325,
    0.770633,
    0.69,
    0.671233,
    0.573351,
    0.715222,
    0.869841,
    0.711,
    0.584973,
    1.328,
    0.784889,
    0.850582,
    0.698763,
    1.205,
    0.523103,
    0.759,
    0.152707,
    0.22,
    0.334,
    0.29,
    0.729,
    1.04904,
    0.721599,
    0.543,
    0.358293,
    0.567,
    1.158042,
    0.701,
    0.419263,
    0.691,
    0.297129,
    0.545,
    0.646539,
    0.993497,
    0.399,
    0.472484,
    0.740893,
    0.208627,
    0.712,
    0.266,
    0.696842,
    0.708629,
    0.302103,
    0.765271,
    0.589166,
    0.962206,
    0.218,
    0.228089,
    0.179,
    0.524029,
    0.412837,
    0.359,
    0.5,
    0.482103,
    0.702,
    0.815,
    0.460556,
    0.587,
    0.557076,
    0.416289,
    1.201456,
    0.374371,
    0.583612,
    0.136657,
    0.642364,
    0.630733,
    0.337,
    0.365,
    0.667,
    0.57991,
    1.292,
    0.672,
    0.898,
    0.764048,
    0.951,
    0.611395,
    1.143186,
    0.843098,
    0.755,
    0.522,
    0.893424,
    1.103855,
    0.336897,
    0.519,
    0.662103,
    1.048604,
    0.190928,
    0.631,
    0.26,
    0.606,
    0.385,
    0.209,
    1.207192,
    0.718882,
    1.340147,
    0.76887,
    0.524,
    0.458,
    0.985,
    1.088,
    0.547,
    0.827,
    0.821,
    0.463,
    0.284985,
    0.700728,
    0.393213,
    0.734,
    0.594305,
    0.949,
    0.400547,
    0.609,
    0.681903,
    0.402237,
    0.69,
    0.77,
    0.571,
    0.51,
    0.650513,
    0.858,
    0.652,
    0.451,
    0.446777,
    0.835506,
    0.905,
    1.329522,
    0.899732,
    0.511,
    0.811,
    0.53484,
    0.473,
    0.609,
    0.4001,
    0.323,
    0.678116,
    0.637773,
    0.594,
    0.356,
    0.482,
    0.244314,
    0.221,
    0.727422,
    0.827,
    0.453848,
    0.348,
    0.324,
    0.49,
    0.353,
    0.309562,
    0.886974,
    0.291,
    0.582078,
    1.036,
    0.608,
    0.331842,
    0.859,
    0.683,
    0.453,
    0.996429,
    0.469777,
    0.715,
    0.64019,
    0.513,
    0.94118,
    0.937,
    1.291501,
    0.720559,
    1.197589,
    0.524,
    0.798,
    0.697,
    0.565385,
    0.57,
    0.872,
    0.691,
    0.337,
    0.431,
    0.756,
    1.033,
    0.950972,
    0.779485,
    0.468,
    0.899
  ],
  "5242880": [
    0.611638,
    1.142148,
    1.24,
    0.911594,
    0.275903,
    0.374,
    0.681327,
    0.799,
    0.37,
    0.788,
    0.434106,
    0.46,
    0.660461,
    1.078,
    0.566
  ],