{
  "1048576": [
    0.870202,
    0.778,
    0.616,
    0.451,
    0.734506,
    0.552,
    0.78442,
    0.286,
    0.807,
    0.559,
    0.808787,
    0.395,
    0.539,
    0.821,
    0.891217,
    0.195,
    0.711024,
    1.063,
    0.635,
    0.367701,
    0.475293,
    0.707,
    0.236021,
    0.238,
    1.023,
    0.453,
    0.908461,
    0.881,
    0.747197,
    0.243,
    0.894,
    0.737,
    0.576668,
    0.317934,
    0.794,
    0.198943,
    0.471,
    1.193,
    0.362
  ],
  "51200": [
    0.834604,
    0.581681,
    0.578,
    0.529,
    0.54723,
    0.403,
    0.890846,
    1.059,
    0.499,
    1.271,
    0.52726,
    0.97,
    1.09851,
    0.466,
    0.824008,
    0.556,
    0.214,
    0.22,
    0.25713,
    0.245,
    0.592952,
    1.063897,
    0.29,
    0.427,
    0.322,
    0.645,
    0.793915,
    0.880316,
    0.97,
    0.516,
    0.856794,
    0.521402,
    1.01,
    1.031383,
    0.15066,
    0.547148,
    0.639,
    0.648,
    0.949,
    0.370961,
    0.506,
    0.315889,
    0.134,
    0.316,
    1.05,
    0.573646,
    0.357514,
    0.688,
    0.696344,
    0.826167,
    0.496,
    0.842,
    1.155024,
    0.578,
    0.483571,
    0.754,
    1.097919,
    0.261336,
    0.845,
    0.296,
    0.553,
    1.053,
    0.698332,
    0.344,
    0.6,
    0.686202,
    0.167,
    0.273097,
    0.304,
    0.211698,
    0.320214,
    0.282802,
    0.491,
    0.713743,
    0.684,
    0.858169,
    0.679,
    0.727137,
    0.610496,
    0.577716,
    0.334889,
    0.709223,
    0.333266,
    0.348,
    0.378,
    0.355353,
    0.534,
    1.177,
    0.724,
    0.678,
    0.977415,
    1.191,
    0.554919,
    0.67,
    0.99,
    0.557,
    0.225,
    0.259752,
    0.821,
    0.305,
    0.282,
    0.496522,
    0.476936,
    0.571426,
    0.402,
    0.74,
    0.671,
    0.498,
    0.731,
    0.776,
    0.613568,
    0.493445,
    0.471248,
    0.528,
    0.406,
    0.811776,
    1.209,
    0.885832,
    1.305,
    0.802,
    0.667089,
    0.840569,
    0.582,
    0.627,
    0.265398,
    0.512,
    0.339,
    0.745882,
    0.678153,
    0.589,
    0.663,
    0.218993,
    0.423537,
    0.438,
    0.559695,
    1.166723,
    0.701,
    1.162985,
    0.70311,
    0.587069,
    0.452435,
    0.859109,
    0.647,
    0.563559,
    0.752,
    0.808239,
    0.627,
    0.206,
    0.569,
    0.331,
    0.829,
    0.396186,
    0.559,
    1.211,
    0.688111,
    0.993224,
    0.476767,
    0.788889,
    0.298,
    0.948734,
    1.017,
    1.031,
    0.52085,
    0.549675,
    0.624005,
    0.737,
    0.361,
    0.374,
    0.673,
    0.593,
    0.361163,
    0.45,
    0.645,
    0.35,
    0.219284,
    0.917889,
    1.079,
    0.604,
    0.53159,
    0.345095,
    0.543833,
    0.247,
    0.264,
    0.564334,
    0.31995,
    0.333,
    0.71,
    0.82696,
    0.650094,
    0.361928,
    0.787,
    0.628,
    1.19,
    0.405,
    0.55112,
    0.876,
    0.59588,
    0.470449,
    1.03,
    0.227424,
    0.592876,
    0.695,
    0.512934,
    0.610067,
    0.905,
    0.655,
    0.611,
    0.494,
    0.489478,
    0.667,
    1.126,
    0.231,
    0.392829,
    0.452796,
    0.338515,
    0.647335,
    0.873,
    0.497,
    0.641,
    0.382,
    0.602428,
    0.778,
    0.286982,
    0.471,
    0.393,
    0.289253,
    0.825,
    0.484,
    0.595959,
    0.51,
    0.494,
    0.435,
    0.904,
    0.541,
    0.553,
    0.787,
    1.133,
    0.622805,
    0.382159,
    0.745,
    0.319,
    0.544,
    0.446,
    0.531621,
    0.419,
    0.315,
    0.693,
    0.925,
    0.840576,
    0.628246,
    0.68,
    1.364621,
    0.827425,
    0.740281,
    0.866,
    0.909617,
    1.07,
    0.623,
    0.971,
    0.7927,
    0.323614,
    0.881012,
    0.254,
    0.286774,
    0.673,
    0.86,
    1.004,
    0.608,
    0.41,
    0.683995,
    0.345,
    0.322389,
    0.501,
    0.144,
    0.51745,
    0.339,
    1.039,
    0.593,
    0.71,
    0.389147,
    0.317577,
    0.259,
    0.694,
    0.304438,
    0.546796,
    0.674281,
    0.9,
    0.817,
    0.819,
    0.492,
    0.858031,
    1.094111,
    0.733572,
    0.813,
    0.575996,
    0.871,
    0.728461,
    0.531,
    0.46226,
    1.030889,
    0.796663,
    0.841546,
    0.489537,
    0.7,
    0.421,
    0.776,
    0.339,
    1.049,
    1.174,
    0.627452,
    1.029
  ],
  "5242880": [
    0.75,
    0.892,
    0.892726,
    0.802,
    1.501864,
    0.739,
    0.634,
    0.553,
    0.837124,
    0.33,
    0.329,
    0.452971,
    0.238819,
    0.334592,
    0.709367,
    0.547,
    0.487712,
    0.735,
    0.832,
    0.314,
    0.63216,
    0.789626,
    1.272267
  ],