{
  "1048576": [
    1.079,
    2.937,
    3.77332,
    6.026,
    2.281,
    3.027246,
    3.237,
    1.072,
    6.498,
    3.785132,
    1.848716,
    3.046,
    2.609,
    1.345992,
    2.654587,
    2.510284,
    2.668824,
    2.620401,
    2.496995,
    2.510569,
    2.125,
    1.697889,
    2.596227,
    1.037,
    1.331,
    5.725061,
    0.864262,
    1.453,
    2.1097,
    2.143848,
    2.249284,
    3.087,
    2.983,
    4.270777,
    2.721408,
    4.999,
    4.69909,
    3.533097,
    2.884,
    1.238684,
    2.258,
    4.718968,
    3.770707,
    2.393
  ],
  "51200": [
    0.939184,
    0.240809,
    1.706279,
    1.284265,
    0.798602,
    1.089682,
    0.976572,
    1.046191,
    1.333516,
    1.585103,
    1.838101,
    1.08355,
    0.621135,
    0.326,
    0.606387,
    0.583373,
    0.39688,
    0.916429,
    0.577,
    3.040444,
    1.146,
    0.881578,
    0.559125,
    0.673206,
    0.558,
    0.731103,
    1.317149,
    0.869665,
    0.892457,
    0.252708,
    0.355132,
    1.207389,
    2.177149,
    1.943214,
    0.866621,
    1.903719,
    1.044425,
    1.284,
    1.98,
    1.932712,
    2.628129,
    1.258014,
    1.963375,
    1.035538,
    0.495259,
    1.244874,
    1.276,
    1.154595,
    2.462333,
    0.746156,
    1.037778,
    1.314467,
    0.770227,
    0.828,
    1.068,
    0.487827,
    1.194425,
    1.067083,
    0.802617,
    1.38,
    1.32,
    1.31,
    0.291115,
    0.994413,
    0.668,
    1.312731,
    0.412111,
    1.285,
    1.455381,
    0.743,
    0.819829,
    0.724276,
    1.402052,
    1.60499,
    1.303461,
    0.298316,
    0.421,
    1.279872,
    1.674,
    0.575053,
    0.500223,
    0.699949,
    0.853,
    1.591,
    1.537078,
    0.659426,
    1.322141,
    1.697,
    1.385889,
    0.825038,
    1.239697,
    1.629735,
    0.322007,
    0.536413,
    0.37497,
    2.24676,
    1.083247,
    0.609903,
    0.826443,
    0.994592,
    1.236,
    1.123509,
    1.364894,
    1.104529,
    1.00555,
    1.370889,
    2.371154,
    0.79,
    1.469986,
    0.942487,
    1.500418,
    1.005,
    1.268112,
    1.200997,
    1.29,
    0.706,
    0.331,
    1.059643,
    0.481908,
    0.469522,
    0.886066,
    0.626,
    0.474338,
    0.991124,
    1.467529,
    1.151537,
    1.172266,
    1.446033,
    0.91,
    1.753206,
    2.300353,
    0.822,
    1.203928,
    1.048078,
    0.807157,
    1.24533,
    1.846748,
    2.395,
    1.446,
    0.775363,
    1.09463,
    1.288211,
    1.089012,
    1.424,
    0.888103,
    1.214084,
    0.89602,
    0.618492,
    0.706072,
    1.2686,
    2.162965,
    1.197527,
    0.509213,
    0.319252,
    1.555,
    1.277502,
    0.722533,
    0.616,
    2.202244,
    0.33139,
    1.847,
    1.369165,
    0.946774,
    0.587934,
    0.89444,
    0.624745,
    0.842671,
    2.321316,
    0.74033,
    0.308962,
    1.116754,
    0.421,
    1.251,
    1.000542,
    0.51805,
    2.512653,
    0.926398,
    2.174314,
    1.286964,
    0.838215,
    0.347949,
    0.696,
    0.754337,
    0.842184,
    1.246126,
    0.96079,
    0.9018,
    2.390173,
    1.666627,
    1.143,
    0.411085,
    0.315,
    1.271,
    1.253417,
    0.960457,
    0.719053,
    1.238173,
    2.227458,
    1.262097,
    1.883302,
    0.451772,
    0.882409,
    1.138944,
    1.530186,
    1.304051,
    1.200207,
    2.347396,
    1.35756,
    1.181925,
    1.375373,
    1.158078,
    0.738,
    1.378,
    0.949409,
    0.237935,
    1.037487,
    1.068302,
    0.339438,
    1.168665,
    0.632687,
    1.494,
    2.229803,
    1.053,
    1.666066,
    0.893996,
    1.218216,
    1.168017,
    0.926992,
    1.206018,
    0.984828,
    1.472676,
    0.876,
    1.152,
    0.57485,
    1.324597,
    0.613,
    0.594249,
    1.465,
    1.289072,
    0.796122,
    1.106541,
    1.145403,
    1.387948,
    1.170764,
    1.796663,
    0.708616,
    0.602,
    0.66515,
    1.237,
    0.98145,
    0.851724,
    0.845603,
    1.059582,
    1.86473,
    0.990647,
    1.461,
    0.918103,
    1.375,
    0.543409,
    0.331114,
    0.538751,
    0.315235,
    1.05162,
    0.668278,
    0.806936,
    0.654765,
    1.317887,
    0.304737,
    0.314246,
    0.570352,
    1.185059,
    1.122912,
    1.317,
    1.229095,
    1.324532,
    1.14537,
    1.205292,
    1.069,
    0.40237,
    0.388,
    1.39217,
    0.919374,
    2.286,
    1.253248,
    1.37312,
    0.977,
    2.503095,
    1.361065,
    0.904333,
    1.587058,
    1.158,
    1.130476,
    1.070582,
    1.032,
    2.519703,
    0.919946,
    1.130806,
    1.491103,
    1.198,
    1.961516,
    1.444,
    1.422517,
    1.174,
    0.520256,
    0.472111,
    1.210999,
    0.90777,
    2.297,
    1.105013
  ],
  "5242880": [
    8.465483,
    4.071,
    5.52,
    6.755,
    7.847,
    13.109,
    4.275926,
    5.931642,
    7.276,
    10.403948,
    12.349,
    10.503,
    3.484,
    31.27,
    7.411,
    15.33,
    9.086,
    13.211,
    11.227,
    12.027,
    5.492,
    11.809,
    7.797671,
    8.203452
  ],