{
  "1048576": [
    0.255,
    0.67275,
    1.337477,
    0.376,
    0.712355,
    1.062,
    0.514632,
    0.487,
    0.691,
    1.265,
    1.00955,
    0.36821,
    0.651585,
    0.64,
    0.893,
    0.316,
    0.696,
    0.880311,
    1.211349,
    0.754519,
    0.391,
    0.506751,
    0.31,
    0.148711,
    0.326,
    0.407095,
    1.022,
    0.618668,
    1.027,
    0.51,
    0.376,
    0.62153,
    0.465,
    0.543,
    0.942,
    1.171111,
    0.769164,
    0.358704,
    0.640933,
    0.711822,
    1.302,
    0.558,
    1.044,
    0.575775,
    0.500538
  ],
  "51200": [
    0.221519,
    0.291805,
    0.805,
    0.668726,
    0.465065,
    0.598,
    0.414,
    0.556651,
    0.599,
    0.748585,
    0.463,
    0.876921,
    1.018558,
    1.286569,
    1.256103,
    0.678,
    1.001923,
    0.202,
    0.460458,
    0.709086,
    0.168,
    0.408,
    0.292,
    0.338,
    0.47788,
    0.833668,
    0.338,
    0.297035,
    0.890199,
    0.748,
    1.198,
    0.434,
    0.718098,
    0.928466,
    0.675452,
    0.601,
    0.581294,
    0.634,
    0.393,
    0.603,
    0.309122,
    0.505,
    1.352419,
    0.953559,
    0.233824,
    0.525,
    0.228,
    0.653,
    0.617,
    0.891,
    0.491602,
    0.853149,
    1.134,
    1.07141,
    1.19,
    0.841347,
    0.833197,
    0.36,
    0.638,
    0.356,
    0.225539,
    1.036823,
    0.525762,
    0.607,
    1.003884,
    0.237,
    0.514,
    0.212,
    0.697,
    1.076,
    0.676,
    1.184087,
    0.298315,
    0.796643,
    0.415657,
    0.577526,
    0.548,
    0.779,
    0.462,
    1.191701,
    0.405838,
    0.343751,
    0.666903,
    0.3,
    0.371897,
    0.64,
    0.330198,
    0.567637,
    1.171124,
    0.295838,
    0.403,
    0.845047,
    1.021326,
    0.444164,
    0.366,
    1.284,
    0.826195,
    0.370865,
    0.131213,
    0.661,
    0.645615,
    0.73944,
    0.5418,
    0.46,
    1.052,
    0.805,
    0.579,
    0.424,
    0.411,
    0.550987,
    0.552,
    1.055,
    1.011,
    0.514096,
    0.899446,
    0.834,
    0.472,
    0.406675,
    0.995,
    1.258,
    0.921,
    0.553867,
    0.653578,
    0.312414,
    0.177,
    0.263,
    0.691,
    0.709,
    0.429,
    0.27749,
    1.046,
    0.577,
    0.488,
    0.649321,
    0.368539,
    0.366,
    0.275,
    0.499,
    0.772,
    1.131,
    0.636369,
    0.764194,
    0.454708,
    0.51,
    1.044,
    1.248303,
    0.515,
    1.221,
    0.701,
    0.459557,
    0.306,
    0.545,
    0.538,
    0.801851,
    0.607,
    0.362478,
    0.569,
    0.623,
    0.492786,
    0.64801,
    0.834724,
    0.603,
    0.564,
    0.513359,
    0.606,
    0.637,
    0.694,
    0.86,
    0.362115,
    0.681735,
    0.4,
    0.221,
    0.63,
    0.64,
    0.697985,
    0.811,
    0.435,
    0.246,
    0.509094,
    0.534235,
    0.155255,
    0.365,
    0.484925,
    0.647351,
    0.371842,
    0.548875,
    0.491541,
    0.612,
    0.356874,
    0.658,
    0.65348,
    1.146,
    0.528,
    0.6,
    0.178,
    0.607,
    0.364111,
    0.468,
    1.051,
    0.289966,
    0.352597,
    0.637828,
    0.358,
    0.495467,
    0.886,
    0.740522,
    1.208,
    0.655905,
    1.023097,
    0.942,
    0.312984,
    0.365675,
    0.345988,
    0.589733,
    0.417,
    0.709,
    1.141184,
    0.618,
    0.784465,
    0.204058,
    0.281333,
    0.665554,
    0.323,
    0.686,
    1.053427,
    0.294,
    0.402,
    0.582,
    0.477,
    0.719269,
    0.869,
    0.625,
    1.004612,
    1.314294,
    0.905,
    1.06,
    0.770199,
    0.467289,
    0.350928,
    0.570341,
    0.482648,
    0.449284,
    0.735,
    0.300925,
    0.790709,
    0.682,
    0.895197,
    0.411,
    0.353561,
    0.476456,
    0.626757,
    0.566,
    0.551218,
    0.958,
    0.90817,
    0.821734,
    0.543,
    0.607,
    0.867,
    0.36,
    0.452,
    0.807315,
    0.511491,
    0.382,
    0.27,
    0.723124,
    0.695741,
    0.611,
    0.219688,
    0.782963,
    0.310266,
    0.808461,
    0.708,
    0.827,
    0.562,
    0.326124,
    0.154,
    0.571,
    0.69,
    0.214,
    0.641,
    0.294,
    0.639897,
    1.061,
    0.598368,
    0.453553,
    0.744162,
    0.901,
    0.5404,
    0.685585,
    0.646368,
    1.261,
    0.741,
    0.554,
    1.061477,
    0.511087,
    0.459581,
    0.657,
    0.613995,
    0.840782,
    0.54,
    0.728627,
    0.474461,
    0.647273,
    0.758617,
    0.461,
    0.451,
    0.7,
    1.213,
    0.743,
    0.803,
    0.616936
  ],
  "5242880": [
    0.901,
    0.247,
    0.302,
    0.679,
    0.444097,
    0.491557,
    0.828,
    0.825,
    0.29,
    0.383917,
    0.517,
    0.945638,
    0.386,
    0.757,
    0.654483,
    0.732455,
    0.960173,
    0.323283,
    0.305,
    0.662266,
    0.674
  ],