{
  "1048576": [
    2.772,
    2.726516,
    1.3,
    2.73,
    3.173438,
    3.281,
    1.572,
    3.287957,
    2.344,
    2.632,
    2.281,
    2.594,
    1.449,
    2.615635,
    2.368,
    1.522,
    1.21,
    2.94648,
    3.94273,
    4.352225,
    2.579,
    2.943,
    1.107,
    1.951,
    5.134829,
    2.826956,
    4.775,
    2.869597,
    2.6,
    2.655,
    2.527,
    2.883897,
    1.992,
    1.351,
    3.771416,
    1.743684,
    3.075273,
    3.466,
    2.768,
    3.355021
  ],
  "51200": [
    0.808124,
    0.402346,
    0.555043,
    1.10881,
    1.11774,
    0.644,
    1.495044,
    0.70642,
    0.929663,
    2.080773,
    1.030246,
    1.485855,
    1.714374,
    2.324,
    1.671652,
    1.127284,
    1.414511,
    2.607055,
    0.3756,
    0.291704,
    0.387,
    1.086763,
    0.843103,
    0.642103,
    0.976103,
    1.213264,
    1.641151,
    1.512094,
    1.360734,
    0.69627,
    0.668,
    0.972,
    1.151025,
    1.476539,
    0.718,
    1.828499,
    0.558597,
    1.395424,
    1.454876,
    0.671,
    0.518887,
    0.84955,
    1.10393,
    2.788,
    1.471507,
    2.14,
    1.340369,
    1.522024,
    1.098988,
    2.866,
    1.722776,
    1.419392,
    1.85163,
    1.087192,
    0.77,
    1.092476,
    2.239314,
    1.737593,
    0.951807,
    1.233204,
    2.626004,
    1.288686,
    0.566486,
    0.862954,
    1.138492,
    0.98008,
    2.656725,
    1.585196,
    2.623544,
    1.090647,
    1.526482,
    1.194,
    0.235124,
    0.702131,
    1.254856,
    2.571973,
    0.88783,
    1.843111,
    0.855161,
    0.74686,
    1.33319,
    0.76578,
    1.574668,
    2.797644,
    0.899956,
    1.658255,
    1.511592,
    2.549478,
    1.436635,
    1.2,
    0.73055,
    1.454453,
    0.98,
    0.719,
    0.469171,
    0.940847,
    0.969738,
    0.855,
    1.317223,
    1.57,
    0.942879,
    1.11965,
    0.905248,
    1.704,
    1.460333,
    0.668,
    1.214854,
    0.56065,
    1.712035,
    1.281834,
    1.951356,
    0.797,
    0.37702,
    1.580628,
    0.9653,
    1.276,
    1.221,
    0.971,
    1.426305,
    1.358897,
    0.907766,
    1.430062,
    1.27596,
    0.709,
    0.804704,
    1.249,
    1.686124,
    1.453692,
    1.349888,
    1.464459,
    2.8,
    1.497016,
    0.33,
    1.28,
    1.246752,
    0.39,
    1.992248,
    2.62788,
    0.559403,
    0.786039,
    0.977643,
    0.81311,
    0.592012,
    0.634994,
    1.270617,
    1.148103,
    1.661111,
    0.658224,
    2.882126,
    1.464,
    0.915,
    1.226051,
    0.911346,
    0.863731,
    1.235491,
    1.297148,
    2.786296,
    1.139448,
    0.503387,
    1.231107,
    1.995,
    0.633248,
    1.567,
    1.03165,
    0.319885,
    1.286416,
    0.552,
    1.945158,
    2.532,
    0.887091,
    0.329414,
    0.435897,
    1.164309,
    1.400727,
    1.13166,
    0.512388,
    2.790088,
    1.439257,
    0.652877,
    0.345233,
    0.35588,
    1.894044,
    2.819449,
    0.640033,
    2.600903,
    1.089903,
    0.761769,
    0.318612,
    1.228718,
    0.425,
    1.075903,
    0.697486,
    2.58712,
    1.681084,
    1.383,
    0.649303,
    1.410936,
    0.759,
    1.571334,
    0.936,
    1.580715,
    2.694876,
    1.116,
    0.686903,
    0.387553,
    0.567111,
    0.572424,
    1.246514,
    0.791808,
    0.739897,
    1.117,
    0.915713,
    1.353328,
    0.776315,
    0.684112,
    1.001442,
    2.317805,
    1.763327,
    1.036649,
    1.012715,
    1.546936,
    2.708138,
    0.469372,
    1.162075,
    1.540223,
    0.847022,
    2.738287,
    0.698254,
    0.384916,
    1.259776,
    1.537213,
    1.895917,
    0.759103,
    0.720831,
    1.318628,
    1.045897,
    1.430076,
    1.522,
    1.018159,
    1.01317,
    2.213201,
    1.657752,
    1.772572,
    1.214819,
    1.319,
    1.350328,
    1.509452,
    1.13,
    0.896,
    0.777,
    1.947567,
    1.279,
    1.801236,
    1.513078,
    1.3264,
    1.318759,
    0.826,
    1.58,
    0.946545,
    2.803903,
    0.959,
    1.710978,
    0.974,
    1.667592,
    2.208712,
    1.104322,
    1.048778,
    1.192192,
    1.579553,
    0.812891,
    0.257407,
    1.255889,
    0.766026,
    0.578415,
    0.772031,
    1.174968,
    1.221,
    1.047615,
    1.461114,
    0.266508,
    1.006,
    0.758637,
    1.416041,
    0.589662,
    0.999854,
    0.696,
    1.197098,
    1.441566,
    0.476012,
    2.11219,
    0.921271,
    1.243,
    0.744,
    0.952742,
    1.065,
    1.279097,
    0.748897,
    0.978228,
    1.5,
    1.47981,
    2.016,
    1.671387,
    1.827953,
    1.33354,
    1.307042,
    0.95526,
    1.242224,
    0.877,
    1.6504,
    2.744788,
    1.41762,
    0.971,
    0.550483,
    1.406168,
    2.240805,
    2.689124,
    0.764464,
    2.733988,
    1.063306
  ],
  "5242880": [
    10.807,
    10.991794,
    7.319292,
    11.356,
    7.127037,
    10.870403,
    3.877889,
    5.075,
    9.509141,
    10.348,
    4.244217,
    9.649,
    9.113,
    15.921714,
    11.554,
    7.045307,
    13.807968,
    10.160564,
    6.787
  ],