{
  "1048576": [
    1.177,
    2.796,
    5.442,
    1.615,
    2.941355,
    4.315,
    2.307,
    2.221,
    3.181,
    5.169,
    9.354808,
    1.583,
    2.968585,
    2.997,
    3.592,
    1.713,
    5.606,
    3.643,
    5.078258,
    3.468408,
    1.597,
    2.366,
    1.327,
    0.756938,
    1.397,
    1.713,
    4.395,
    2.586023,
    4.385,
    2.247,
    1.546,
    2.575,
    2.043,
    2.334,
    3.987,
    4.775,
    3.144,
    1.900887,
    2.650933,
    3.041,
    5.231,
    2.534,
    4.432,
    2.85887,
    2.596538
  ],
  "51200": [
    0.335408,
    0.518111,
    1.763839,
    1.440363,
    1.086887,
    1.385125,
    0.810103,
    1.312018,
    1.016432,
    1.225284,
    0.977768,
    1.681921,
    2.162851,
    2.839,
    2.813466,
    1.131,
    2.531158,
    0.397505,
    0.962881,
    1.487068,
    0.343,
    1.017674,
    0.539288,
    0.711857,
    0.939073,
    1.678083,
    0.468248,
    0.410727,
    1.67279,
    1.462411,
    2.739036,
    0.847464,
    1.502814,
    1.573882,
    1.530353,
    1.198124,
    1.202,
    1.414662,
    1.003,
    1.082632,
    0.682401,
    1.309146,
    2.882963,
    1.914,
    0.358927,
    0.79,
    0.408439,
    1.151,
    1.109,
    1.564,
    1.00637,
    1.616713,
    2.10802,
    2.205353,
    2.167,
    1.540843,
    1.669019,
    0.722,
    1.114,
    0.600993,
    0.40414,
    2.597,
    0.821508,
    1.430103,
    2.535281,
    0.357362,
    0.863,
    0.45982,
    1.499103,
    2.617608,
    1.446206,
    2.732884,
    0.662603,
    1.564127,
    0.684613,
    0.853374,
    1.163103,
    1.621513,
    0.867452,
    2.73071,
    0.713499,
    0.650193,
    1.452846,
    0.574091,
    0.746897,
    1.401355,
    0.719762,
    1.367468,
    2.699,
    0.608768,
    0.586,
    1.632047,
    2.146654,
    0.801541,
    0.631,
    2.83471,
    1.625221,
    0.79433,
    0.177552,
    1.444616,
    1.424693,
    1.839586,
    1.327146,
    0.772354,
    2.5877,
    1.566478,
    0.94391,
    0.73234,
    0.755922,
    1.216003,
    0.830103,
    2.168461,
    2.04,
    0.872559,
    1.733,
    1.460222,
    1.036,
    0.750346,
    2.012103,
    2.799973,
    1.666,
    1.061929,
    1.122558,
    0.695488,
    0.25456,
    0.438,
    1.463719,
    1.495889,
    1.05,
    0.525868,
    2.58179,
    1.381547,
    0.909103,
    1.272169,
    0.657018,
    0.643,
    0.496,
    0.82064,
    1.551531,
    2.675202,
    1.219369,
    1.372194,
    0.76392,
    0.855595,
    2.163052,
    2.806213,
    0.97578,
    2.766,
    1.176299,
    0.921362,
    0.558701,
    1.329248,
    0.76994,
    1.754722,
    1.441103,
    0.699228,
    1.188,
    1.126103,
    1.077312,
    1.427,
    1.906556,
    1.019103,
    0.979,
    1.339298,
    1.228831,
    1.3951,
    1.469776,
    1.991744,
    0.755321,
    1.46087,
    0.812,
    0.325052,
    1.237776,
    1.408,
    1.503985,
    1.907561,
    0.845515,
    0.469,
    0.969849,
    1.065235,
    0.288285,
    0.550715,
    0.921794,
    1.435,
    0.778842,
    1.387161,
    0.880497,
    1.06774,
    0.524875,
    1.314963,
    1.193732,
    2.684103,
    0.946184,
    1.222303,
    0.280065,
    1.263,
    0.63727,
    1.089,
    2.590153,
    0.549829,
    0.756681,
    1.11303,
    0.881418,
    0.908767,
    1.667954,
    1.32696,
    2.538697,
    1.323905,
    1.79515,
    1.730014,
    0.619638,
    0.704487,
    0.669,
    1.304587,
    0.803111,
    1.412553,
    2.674278,
    1.078217,
    1.823465,
    0.334645,
    0.508,
    1.439251,
    0.501411,
    1.366637,
    2.587393,
    0.496539,
    0.787,
    1.396,
    1.141136,
    1.336076,
    1.646924,
    1.113436,
    2.088612,
    2.857414,
    1.721316,
    2.079992,
    1.450705,
    0.86535,
    0.671636,
    1.281656,
    0.855771,
    0.772796,
    1.498445,
    0.604617,
    1.560709,
    1.312845,
    2.017197,
    0.786,
    0.519319,
    0.859876,
    1.085522,
    0.948,
    1.155278,
    1.577233,
    1.674782,
    1.489622,
    0.834704,
    1.012439,
    1.676905,
    0.60586,
    0.970407,
    1.589876,
    1.102544,
    0.74681,
    0.522,
    1.199124,
    1.551715,
    1.227368,
    0.37284,
    1.564462,
    0.566266,
    1.944424,
    1.515326,
    2.031,
    1.35933,
    0.696077,
    0.247903,
    1.181,
    1.452103,
    0.389176,
    1.238184,
    0.675,
    1.410897,
    2.599,
    1.069054,
    0.957797,
    1.225015,
    1.669103,
    0.88466,
    1.278103,
    1.358948,
    2.789,
    1.299388,
    0.959499,
    1.926477,
    0.966396,
    0.629581,
    1.220408,
    1.035775,
    1.623461,
    1.049476,
    1.425627,
    0.843123,
    1.185,
    1.372229,
    0.84144,
    0.813504,
    1.410674,
    2.750652,
    1.332,
    1.576,
    1.399002
  ],
  "5242880": [
    12.582,
    4.259,
    3.327,
    8.562,
    6.240097,
    7.047557,
    10.633,
    10.954,
    4.634,
    5.162,
    6.351,
    11.325,
    6.455,
    9.445,
    11.310483,
    9.227,
    7.785745,
    5.553148,
    5.553767,
    7.068266,
    8.772442
  ],