{
  "1048576": [
    2.114,
    3.359,
    1.509,
    2.645,
    3.628,
    2.741,
    1.690206,
    3.9,
    3.878057,
    4.227535,
    1.621,
    3.355,
    3.848617,
    4.907,
    2.405,
    3.791466,
    2.523,
    3.628427,
    2.889,
    3.426,
    3.14,
    1.517,
    2.306697,
    0.871321,
    1.037,
    1.214,
    1.029,
    1.251315,
    2.318279,
    1.723,
    3.294195,
    0.757,
    3.284528,
    3.574105,
    2.364627,
    1.515266,
    3.248,
    5.143,
    4.693,
    3.842876,
    0.855,
    0.969,
    1.488,
    2.197718,
    3.319817,
    3.873,
    1.915,
    5.311,
    2.339398,
    2.635,
    2.063
  ],
  "51200": [
    0.729978,
    0.357936,
    1.463,
    0.439248,
    0.425,
    1.750011,
    1.558871,
    0.854111,
    1.517949,
    0.986,
    1.20534,
    1.564155,
    1.493436,
    1.060635,
    1.053754,
    1.835374,
    1.186,
    2.598056,
    1.303958,
    1.444599,
    1.257,
    1.439712,
    0.672,
    2.508,
    0.997103,
    1.837252,
    0.651025,
    0.738,
    0.783897,
    0.783326,
    1.248786,
    0.807076,
    1.293,
    0.713863,
    0.817262,
    0.53134,
    0.535,
    0.424069,
    0.946763,
    0.67728,
    1.463778,
    0.919,
    1.007721,
    1.527426,
    0.261737,
    1.17032,
    1.465778,
    1.787211,
    1.171962,
    1.357214,
    1.122,
    1.380486,
    0.948143,
    0.703776,
    0.991996,
    1.186238,
    1.167408,
    1.286,
    1.275337,
    0.8361,
    1.182379,
    0.587392,
    1.204595,
    1.957685,
    0.815012,
    1.451251,
    0.783942,
    2.533229,
    0.289612,
    0.251,
    0.709476,
    1.113835,
    2.557295,
    0.604428,
    1.38,
    1.354624,
    1.367,
    1.591971,
    0.820217,
    1.633918,
    1.63478,
    0.34844,
    0.348,
    1.414174,
    0.537703,
    1.042698,
    1.524,
    0.662464,
    0.917723,
    0.760443,
    1.21294,
    1.706,
    0.743499,
    2.004129,
    1.91258,
    2.714724,
    1.509884,
    0.864522,
    0.399373,
    0.439,
    1.404153,
    1.340097,
    2.588202,
    1.325037,
    0.699388,
    1.032223,
    2.848699,
    1.10706,
    1.173123,
    0.902504,
    2.074169,
    1.072,
    1.619143,
    1.980217,
    2.756888,
    1.432097,
    1.037,
    1.344,
    1.465,
    2.777534,
    0.981797,
    1.501433,
    1.247,
    0.669045,
    1.261654,
    1.538,
    0.72816,
    1.431897,
    1.235111,
    0.903941,
    1.292909,
    1.185903,
    0.80746,
    0.623,
    2.013223,
    2.635879,
    0.704592,
    0.823903,
    1.438864,
    1.376861,
    1.330213,
    0.83726,
    1.216223,
    2.702,
    0.904588,
    1.102911,
    1.544,
    0.598576,
    0.380371,
    0.392252,
    1.265776,
    2.606327,
    1.510819,
    1.118477,
    0.400797,
    0.957294,
    2.645147,
    1.196,
    1.446149,
    2.593226,
    1.492335,
    0.50731,
    1.955,
    2.63321,
    0.905187,
    1.433957,
    1.309277,
    0.832,
    0.442857,
    1.224103,
    1.245582,
    0.83159,
    0.651602,
    1.830309,
    1.589343,
    0.994485,
    0.494035,
    0.383,
    1.437586,
    2.570566,
    1.521222,
    0.91839,
    1.37,
    0.921737,
    0.680877,
    1.262,
    0.622496,
    1.075897,
    1.177451,
    1.03628,
    1.607,
    1.380149,
    0.704893,
    0.302842,
    1.15582,
    0.575436,
    2.602446,
    1.471506,
    1.063896,
    1.529124,
    1.047807,
    1.382,
    1.424708,
    0.648103,
    2.308,
    1.193,
    1.561,
    0.362955,
    1.327392,
    0.691987,
    1.560697,
    1.091103,
    2.672758,
    0.650439,
    1.076199,
    1.486,
    0.803002,
    0.514,
    0.412,
    0.491,
    1.094557,
    0.735668,
    0.91615,
    1.063323,
    1.008,
    1.433277,
    0.875,
    1.332,
    1.697,
    1.650159,
    2.122699,
    1.860734,
    0.995384,
    2.808103,
    1.39696,
    2.732838,
    1.352,
    1.55508,
    0.916879,
    0.664316,
    0.952,
    1.48,
    0.881903,
    0.551572,
    1.595489,
    0.548393,
    1.220406,
    1.159049,
    0.749,
    1.152363,
    1.023373,
    1.404838,
    1.032917,
    0.93642,
    1.435124,
    1.466103,
    1.376124,
    1.348111,
    1.188762,
    1.407087,
    1.233051,
    1.872368,
    2.614407,
    1.004329,
    0.808095,
    0.772529,
    0.570652,
    1.419964,
    0.38,
    1.967,
    1.536472,
    1.397158,
    2.539869,
    2.598,
    1.007539,
    0.394,
    1.236103,
    1.40721,
    1.973113,
    0.768111,
    0.707,
    1.118432,
    0.657546,
    1.311454,
    0.873456,
    1.24,
    1.452764,
    0.848453,
    2.815036,
    1.236608,
    1.04046,
    1.259972,
    1.65013,
    0.412976,
    0.709778,
    1.650444,
    0.916,
    1.584238,
    1.441
  ],
  "5242880": [
    11.198094,
    11.826,
    10.528,
    7.917219,
    11.363,
    5.383,
    13.966,
    13.542092,
    7.845,
    13.100574,
    8.611,
    7.110066,
    8.95,
    9.073,
    13.163798,
    16.912,
    8.485,
    8.226,
    8.039,
    9.141,
    7.082,
    11.746,
    8.476248,
    7.71
  ],