{
  "1048576": [
    0.204,
    0.321,
    0.34816,
    0.463333,
    0.792,
    0.318,
    0.805,
    0.681,
    0.755754,
    0.523,
    0.521485,
    1.254,
    0.712171,
    0.386,
    0.336449,
    0.612,
    0.209436,
    0.662013,
    0.608334,
    0.846612,
    1.044,
    0.555014,
    0.485,
    0.319,
    0.649943,
    0.425,
    1.047,
    0.595074,
    0.11231,
    0.492061,
    0.587,
    0.203599,
    0.675,
    0.443,
    0.481,
    0.178,
    0.331,
    1.119,
    1.044147,
    0.308512,
    0.537,
    0.729,
    0.334103,
    0.571198,
    0.487103,
    0.520119,
    1.033935,
    0.516548,
    0.593026,
    0.562286,
    0.936048
  ],
  "51200": [
    1.080033,
    0.224,
    0.447,
    0.802,
    0.817,
    0.39,
    0.520245,
    0.780356,
    0.850436,
    0.46,
    0.851,
    1.076889,
    1.376,
    0.731449,
    0.72,
    0.819,
    0.592284,
    0.263,
    0.515581,
    0.403648,
    0.990841,
    0.518,
    0.574,
    0.52,
    0.774968,
    0.757,
    0.578,
    0.775,
    0.734499,
    0.443,
    0.686,
    0.800416,
    0.52753,
    0.195,
    0.633,
    0.29633,
    0.629534,
    0.706786,
    1.022,
    0.462,
    1.286,
    0.849582,
    0.592067,
    0.667,
    0.889,
    0.6779,
    1.038533,
    0.868,
    1.046,
    0.663794,
    0.417627,
    0.661,
    0.525,
    0.566,
    0.529731,
    0.618248,
    0.668,
    0.627137,
    0.642,
    0.754,
    0.662,
    0.517,
    0.446,
    0.419028,
    0.763,
    1.039697,
    0.304,
    0.611962,
    0.637858,
    0.201,
    0.766,
    0.628,
    1.036776,
    0.511,
    1.228684,
    0.372,
    0.791,
    0.997,
    0.495032,
    0.494483,
    0.466391,
    1.052,
    0.171852,
    0.580368,
    0.743649,
    0.866889,
    1.203388,
    0.376,
    0.673,
    0.669,
    0.733262,
    0.709,
    0.334,
    0.774097,
    0.572,
    0.908907,
    1.38,
    0.571,
    0.276,
    0.393059,
    0.461,
    0.555,
    0.906,
    1.087,
    0.519,
    0.696154,
    0.418486,
    0.832,
    0.834107,
    1.06594,
    1.342529,
    0.533,
    0.986078,
    0.647379,
    0.402,
    0.451,
    1.076,
    0.492,
    0.900058,
    0.553757,
    0.74,
    0.993286,
    0.578079,
    0.445,
    0.420957,
    0.938,
    1.19471,
    0.667,
    1.133,
    0.494,
    0.494,
    0.655,
    0.458,
    0.666,
    0.308463,
    0.484,
    0.681,
    0.541481,
    0.770426,
    0.393,
    0.454,
    0.84,
    0.710565,
    0.571,
    0.517,
    0.264,
    0.662,
    0.247254,
    0.474,
    0.548,
    0.594,
    1.018,
    0.65,
    1.079943,
    0.130026,
    0.135131,
    0.481,
    0.697,
    0.334726,
    0.802323,
    0.373928,
    0.598,
    0.509,
    0.25242,
    0.261,
    0.346405,
    0.855,
    1.075866,
    0.506,
    0.510846,
    0.202111,
    0.272,
    0.764,
    0.37,
    0.342,
    0.564,
    0.455,
    0.514778,
    0.306275,
    0.282471,
    0.749,
    0.215,
    0.498181,
    0.463192,
    0.793563,
    0.792,
    0.837381,
    0.495,
    0.589,
    0.828075,
    0.438,
    0.791,
    0.692,
    0.670824,
    0.273,
    0.488,
    0.490988,
    0.545145,
    0.756521,
    0.456,
    0.511,
    1.113425,
    0.793,
    0.435897,
    0.556,
    0.488097,
    0.645556,
    0.947274,
    0.833206,
    0.697,
    0.505736,
    0.246724,
    0.585,
    0.328876,
    0.777391,
    1.139786,
    0.375,
    1.153075,
    0.597,
    0.789,
    0.555,
    0.67,
    0.302027,
    0.648,
    0.673,
    0.616,
    0.614,
    0.592,
    0.858,
    0.857,
    0.496419,
    0.724476,
    0.664051,
    0.566,
    0.936252,
    0.694,
    0.931444,
    0.341,
    0.589,
    0.691,
    0.705897,
    0.459,
    0.444,
    0.749429,
    0.446103,
    0.415,
    0.279,
    0.511,
    1.162,
    0.707,
    1.17,
    0.612,
    0.728,
    0.85368,
    1.27512,
    0.976927,
    0.647938,
    0.437,
    0.298248,
    0.653,
    0.164599,
    0.814829,
    1.203296,
    0.573677,
    0.440077,
    0.547,
    0.85628,
    0.615047,
    0.222,
    0.676,
    0.480191,
    0.609889,
    0.556648,
    0.267739,
    0.609,
    0.472813,
    0.893,
    0.296,
    0.644433,
    0.409,
    0.565,
    1.115103,
    0.402248,
    0.527175,
    0.988025,
    0.968,
    0.899,
    0.513,
    0.63,
    0.733938,
    1.29733,
    0.787528,
    0.917,
    0.744539,
    1.276,
    0.493805,
    0.573,
    0.816708,
    0.453,
    0.391,
    0.445666,
    0.422248,
    0.825309,
    0.977,
    0.452,
    0.789,
    0.542072,
    0.602023
  ],
  "5242880": [
    1.022181,
    0.838,
    0.282,
    0.706,
    0.366,
    0.891,
    0.347,
    0.36,
    1.052654,
    0.873952,
    0.732,
    0.775,
    0.353,
    0.582255,
    0.919903,
    0.855
  ],