{
  "1048576": [
    1.233554,
    1.225,
    4.984,
    0.986,
    2.418,
    2.994928,
    2.857,
    1.743232,
    2.64985,
    1.215,
    2.866,
    3.86,
    2.752183,
    3.00113,
    1.036,
    2.079249,
    2.047871,
    0.773997,
    1.801,
    3.04,
    2.819,
    2.804889,
    2.591,
    4.418,
    0.794424,
    1.883391,
    1.982,
    3.651888,
    2.624566,
    19.479527,
    2.257584,
    2.634,
    2.648,
    2.908,
    2.737484,
    2.618284,
    3.522039,
    2.473,
    2.951173,
    2.672869,
    2.596,
    2.978,
    2.002,
    4.577,
    2.870659,
    2.183625,
    2.146,
    2.637,
    3.550546,
    2.804,
    1.178,
    1.495,
    3.290024,
    4.269114,
    3.483976,
    4.989,
    2.594,
    2.233309,
    2.149,
    2.098,
    1.748
  ],
  "51200": [
    0.291431,
    0.496514,
    1.408,
    1.120576,
    2.562093,
    1.433187,
    0.993897,
    0.927914,
    1.522064,
    1.213704,
    1.897066,
    1.283621,
    1.069946,
    1.658647,
    1.049794,
    1.964454,
    1.744162,
    1.191,
    1.157756,
    1.488,
    1.039,
    2.612156,
    0.802318,
    1.504827,
    1.114488,
    0.537846,
    1.028144,
    2.78802,
    0.809436,
    1.549095,
    0.834103,
    0.379092,
    0.359153,
    1.451108,
    1.789196,
    1.42479,
    1.633335,
    1.343463,
    0.263,
    1.879149,
    1.975845,
    2.183,
    1.037903,
    1.401228,
    1.366,
    0.984838,
    1.402532,
    1.296013,
    2.095103,
    2.765678,
    1.475563,
    1.538316,
    0.444883,
    0.471,
    0.453746,
    1.132575,
    0.815905,
    0.838661,
    0.983103,
    1.704604,
    0.171716,
    1.469217,
    1.085127,
    1.451398,
    1.068241,
    0.614768,
    0.767,
    2.026994,
    0.707644,
    0.909722,
    0.600457,
    1.220345,
    0.792997,
    1.539903,
    1.692413,
    1.48,
    1.46,
    1.254978,
    1.374913,
    1.399,
    1.985,
    1.170014,
    1.368807,
    2.653,
    1.336435,
    2.787625,
    0.893,
    0.686293,
    0.336273,
    1.035888,
    1.552206,
    1.996949,
    1.514879,
    1.483539,
    1.013526,
    1.227744,
    0.682875,
    0.596,
    1.965,
    0.963897,
    0.581345,
    0.807,
    1.006176,
    1.658312,
    1.68346,
    1.176,
    1.669397,
    1.065262,
    1.709,
    1.051191,
    0.910971,
    0.851968,
    0.969792,
    0.655947,
    1.990088,
    0.7936,
    2.782287,
    1.279718,
    0.731464,
    0.364,
    1.667544,
    1.973683,
    0.752,
    0.642045,
    1.219612,
    1.0,
    0.5157,
    0.69606,
    0.59873,
    1.146431,
    2.647374,
    2.514107,
    1.648129,
    1.443,
    0.754129,
    1.614514,
    0.880352,
    0.937585,
    1.196,
    1.168673,
    1.195675,
    1.252268,
    0.343848,
    1.795,
    0.552903,
    0.781,
    1.412,
    0.89108,
    0.346,
    0.403903,
    1.111124,
    1.205472,
    0.683782,
    2.543,
    3.398,
    0.715979,
    0.809625,
    1.084478,
    1.47004,
    1.452103,
    1.216,
    0.784,
    0.689288,
    0.758299,
    1.870299,
    0.780888,
    0.364,
    0.727493,
    0.589103,
    0.347714,
    1.117399,
    1.447876,
    0.657,
    0.785103,
    0.965601,
    0.45038,
    1.227285,
    1.965328,
    1.666124,
    0.72765,
    1.021495,
    0.991729,
    0.3272,
    1.3724,
    1.625,
    2.103,
    0.948166,
    0.87748,
    0.881152,
    1.49836,
    2.665335,
    1.194215,
    0.546003,
    0.807247,
    1.415118,
    0.752103,
    0.890284,
    1.184772,
    1.152688,
    0.965799,
    1.51212,
    1.02904,
    1.363859,
    2.762381,
    1.569,
    1.12514,
    1.408716,
    0.606496,
    1.952,
    0.867168,
    1.02,
    1.540059,
    0.937951,
    1.495487,
    2.599679,
    0.177,
    1.239903,
    0.346,
    1.444,
    1.942,
    0.706366,
    0.652916,
    0.744,
    1.157,
    2.721427,
    1.298,
    1.476,
    0.933267,
    2.194903,
    2.77512,
    0.759103,
    0.965862,
    0.804539,
    1.343,
    0.757257,
    1.547512,
    1.568224,
    0.820409,
    1.411074,
    1.967097,
    1.472162,
    0.603749,
    1.327174,
    0.65,
    1.595,
    1.008558,
    1.270743,
    2.767014,
    1.593034,
    1.042192,
    1.202603,
    1.717411,
    2.18674,
    0.979947,
    0.862885,
    2.860543,
    1.235,
    2.506448,
    1.467564,
    1.884446,
    0.754431,
    0.503,
    0.62553,
    0.925,
    0.715506,
    0.414806,
    0.324249,
    0.56856,
    1.249,
    1.819436,
    0.713195,
    1.664,
    0.951827,
    0.781033,
    0.388,
    0.502569,
    0.421875,
    0.376103,
    1.282399,
    0.468,
    1.732816,
    0.976,
    0.586198,
    0.774776,
    1.484,
    2.055453,
    2.05,
    1.731535,
    1.734484,
    1.708159,
    0.952511,
    0.928545,
    1.63662,
    1.08182,
    1.3,
    0.916296,
    0.804,
    1.704,
    1.522942
  ],
  "5242880": [
    13.069,
    6.478138,
    7.161803,
    8.2,
    15.013,
    11.283995,
    3.753,
    5.313,
    7.059897,
    8.143567,
    7.395627,
    11.292994,
    7.393623,
    9.136
  ],