{
  "1048576": [
    0.968,
    1.455,
    1.545477,
    3.014782,
    3.392,
    1.433,
    3.289,
    2.884,
    3.13261,
    2.178,
    2.941,
    5.059641,
    2.932656,
    1.674,
    1.822449,
    2.648,
    0.946436,
    2.702,
    2.578334,
    3.972,
    5.031,
    2.904667,
    2.45,
    1.813,
    2.633627,
    1.813,
    4.409,
    2.451437,
    0.66,
    2.216064,
    2.4,
    0.860599,
    2.747,
    1.911,
    2.156,
    0.77,
    1.335,
    4.535,
    4.445808,
    1.318,
    2.268,
    3.036464,
    1.722,
    2.671198,
    2.885,
    2.731,
    4.402808,
    2.137,
    2.752233,
    2.367534,
    4.166776
  ],
  "51200": [
    2.621,
    0.345054,
    1.058565,
    1.827183,
    1.607,
    0.832603,
    0.983459,
    1.282356,
    1.470936,
    0.79815,
    1.620189,
    2.220292,
    2.917,
    1.158,
    1.410446,
    1.857723,
    1.208166,
    0.423,
    0.892697,
    0.663687,
    2.52215,
    0.97263,
    1.047781,
    0.840692,
    1.539241,
    1.533,
    1.057722,
    1.547206,
    1.433694,
    0.834,
    1.47791,
    1.875,
    1.150214,
    0.316854,
    1.417,
    0.58,
    1.301,
    1.491097,
    2.548124,
    1.285968,
    2.817422,
    1.458112,
    1.21278,
    1.458454,
    1.620193,
    1.268769,
    2.586903,
    1.562294,
    2.575978,
    1.128905,
    0.929939,
    1.156,
    0.71302,
    0.944011,
    1.085315,
    1.192248,
    1.128999,
    1.253414,
    1.243,
    1.528103,
    1.433103,
    1.143,
    0.912006,
    0.789218,
    1.214,
    2.572281,
    0.395,
    1.234491,
    1.414819,
    0.37488,
    1.388386,
    1.404,
    2.572679,
    1.274,
    2.765469,
    0.713,
    1.556,
    2.119446,
    0.942032,
    0.926975,
    0.874612,
    2.579111,
    0.22268,
    1.193368,
    1.719994,
    2.001111,
    2.745704,
    0.796,
    1.375712,
    1.132095,
    1.356416,
    1.340712,
    0.683816,
    1.554097,
    1.109561,
    1.866032,
    3.335842,
    1.099836,
    0.486535,
    0.645303,
    1.048978,
    1.232692,
    1.77,
    2.638689,
    0.983202,
    1.257995,
    0.950198,
    1.453,
    1.461074,
    2.18777,
    2.872,
    0.943,
    1.979319,
    1.128379,
    0.955496,
    0.795177,
    2.203,
    0.936,
    1.844182,
    1.003166,
    1.448,
    2.529091,
    1.208789,
    0.567556,
    0.727453,
    2.07,
    2.734765,
    2.657,
    2.652977,
    0.970044,
    0.834666,
    1.265561,
    0.722905,
    1.037,
    0.585,
    0.91,
    1.494,
    0.987752,
    1.382856,
    0.800769,
    0.721,
    1.616,
    1.423,
    1.032991,
    0.893,
    0.40203,
    1.446,
    0.435979,
    1.085446,
    0.933,
    0.992452,
    2.572272,
    1.745015,
    2.155463,
    0.18933,
    0.211131,
    1.014262,
    1.770206,
    0.717726,
    1.508272,
    0.774244,
    1.07,
    0.876926,
    0.362736,
    0.495122,
    0.7695,
    1.986995,
    2.604866,
    1.319663,
    0.875726,
    0.331407,
    0.450903,
    1.774668,
    0.750124,
    0.690111,
    0.991818,
    0.93177,
    1.128012,
    0.609172,
    0.546341,
    1.864903,
    0.48002,
    1.170292,
    0.844,
    1.414671,
    1.409,
    1.632924,
    0.941,
    1.177,
    1.505311,
    0.778,
    1.218754,
    1.505897,
    1.097713,
    0.436,
    0.717,
    1.003725,
    0.862385,
    1.705737,
    0.768038,
    0.967101,
    2.671853,
    1.401841,
    0.966865,
    1.146476,
    0.949097,
    1.165904,
    1.724654,
    1.509517,
    1.155364,
    0.89884,
    0.564724,
    1.057,
    0.594538,
    1.402307,
    2.672154,
    0.681628,
    2.691374,
    1.072,
    1.557,
    1.177594,
    1.430551,
    0.560837,
    1.247232,
    1.150693,
    1.399,
    1.053498,
    0.991384,
    1.475999,
    1.470111,
    0.7883,
    1.344768,
    1.136737,
    1.009,
    1.760252,
    1.504501,
    1.93206,
    0.523248,
    1.145218,
    1.280103,
    1.355897,
    0.810618,
    0.779806,
    1.575929,
    0.862772,
    0.683248,
    0.486068,
    1.030302,
    2.700103,
    1.477,
    2.711903,
    1.068526,
    1.239716,
    1.631589,
    2.815784,
    1.971778,
    1.118802,
    0.841834,
    0.529,
    1.429483,
    0.393973,
    1.929978,
    2.74058,
    1.343116,
    0.90798,
    1.348066,
    1.697,
    1.250283,
    0.387206,
    1.455,
    1.114191,
    1.04014,
    0.985007,
    0.384,
    1.275,
    0.662204,
    2.028,
    0.661,
    1.42508,
    0.807,
    1.373838,
    2.111613,
    0.966,
    0.899129,
    1.753053,
    2.045,
    1.743486,
    1.077,
    1.021668,
    1.562258,
    2.818456,
    1.403889,
    1.699419,
    1.456353,
    2.804103,
    0.787591,
    1.075108,
    1.597884,
    0.83538,
    0.873861,
    0.776448,
    0.814896,
    1.616039,
    2.055,
    0.824111,
    1.497253,
    0.936256,
    1.275777
  ],
  "5242880": [
    12.186716,
    11.478,
    4.062,
    9.625,
    6.775,
    10.822,
    5.033,
    5.437,
    9.495543,
    12.158,
    9.31,
    10.781,
    4.476,
    12.600775,
    13.342,
    12.921
  ],