{
  "1048576": [
    1.385,
    1.605811,
    2.009,
    3.49,
    3.315,
    3.441985,
    2.434,
    1.275,
    2.55961,
    0.794,
    1.150435,
    3.891209,
    3.037194,
    3.574,
    3.070153,
    2.591,
    3.018871,
    2.338,
    3.213,
    3.28,
    2.403,
    3.218,
    2.813,
    2.652,
    2.662,
    2.311,
    1.123414,
    0.996,
    2.498743,
    1.222,
    4.503624,
    2.555,
    3.654103,
    1.977119,
    2.904,
    2.791338,
    3.206616,
    4.499508,
    5.263,
    2.63,
    1.385794,
    5.198,
    2.906897,
    2.787725
  ],
  "51200": [
    0.852206,
    0.342282,
    1.530472,
    0.545276,
    0.449178,
    1.943,
    2.536,
    0.561864,
    2.583327,
    0.912103,
    1.003468,
    1.417293,
    0.855551,
    1.461326,
    1.469539,
    2.827,
    1.677411,
    2.82333,
    1.494885,
    0.77753,
    0.492,
    1.318712,
    1.100011,
    0.843221,
    1.483124,
    0.72569,
    0.991233,
    1.346376,
    1.368124,
    0.921339,
    1.577,
    2.766,
    0.843,
    2.731903,
    1.352657,
    0.604103,
    1.221446,
    1.177355,
    1.086,
    1.41976,
    1.97,
    1.828,
    1.414772,
    1.335,
    0.959372,
    1.220111,
    1.259544,
    1.3884,
    2.549,
    1.415,
    0.968917,
    1.266592,
    1.081093,
    0.643903,
    1.068853,
    1.507151,
    1.067476,
    1.273919,
    0.987,
    1.540335,
    0.829894,
    0.423094,
    1.961089,
    0.877608,
    0.463652,
    2.589803,
    0.348934,
    0.401,
    2.579489,
    0.581638,
    0.82355,
    0.967,
    1.944668,
    0.788,
    0.831408,
    2.03431,
    1.116343,
    0.593748,
    0.833,
    1.275,
    1.414,
    1.606458,
    0.775,
    0.705964,
    2.567227,
    0.741072,
    0.918,
    1.368744,
    1.449773,
    0.947897,
    1.111216,
    0.751,
    1.177642,
    0.579388,
    1.867283,
    2.590668,
    0.663124,
    0.976288,
    1.357935,
    1.132,
    0.998704,
    1.711625,
    0.643111,
    1.980501,
    1.200539,
    2.876,
    1.595103,
    1.591722,
    1.434935,
    1.007032,
    1.468,
    2.16,
    1.134241,
    0.956,
    1.196574,
    1.535103,
    1.215,
    1.609706,
    0.680049,
    1.421354,
    1.529,
    2.633723,
    1.22,
    0.934124,
    0.45002,
    0.659848,
    1.847926,
    0.879832,
    1.543126,
    0.776103,
    1.108937,
    1.330141,
    0.863253,
    0.778934,
    1.578934,
    2.114714,
    1.033831,
    1.098771,
    0.929398,
    2.604041,
    2.556161,
    0.247,
    1.556,
    1.988397,
    0.761902,
    1.715909,
    1.079319,
    1.169,
    0.696915,
    0.285016,
    0.385,
    0.553539,
    1.055879,
    2.552031,
    2.58181,
    1.533976,
    0.735,
    1.471112,
    1.110784,
    1.379999,
    0.796903,
    1.425502,
    0.795,
    1.761,
    1.126776,
    0.391178,
    0.426662,
    0.760316,
    2.62,
    1.02,
    0.713576,
    0.127684,
    0.550408,
    0.567035,
    0.429327,
    2.547026,
    1.347846,
    0.658,
    1.317842,
    0.91,
    1.158167,
    0.746602,
    1.005012,
    1.313,
    2.69058,
    1.602,
    1.654897,
    1.527776,
    2.537076,
    0.287534,
    0.563103,
    0.608985,
    2.684,
    0.53169,
    2.775745,
    0.921619,
    2.136545,
    1.459165,
    1.412637,
    1.388328,
    1.630676,
    2.837,
    0.991066,
    1.742628,
    1.350394,
    0.687,
    0.584422,
    2.067977,
    1.018224,
    1.557,
    1.07,
    2.63139,
    0.308,
    0.542872,
    1.291752,
    1.165,
    2.582103,
    1.03827,
    0.734949,
    1.387099,
    1.800898,
    0.550957,
    1.062,
    1.151626,
    1.151491,
    1.699,
    1.271716,
    0.740237,
    0.58685,
    1.373,
    1.216,
    0.888097,
    0.808637,
    1.043903,
    0.774606,
    0.466788,
    1.263905,
    1.529337,
    0.495,
    2.01,
    2.67602,
    0.665,
    2.701,
    1.597649,
    2.820206,
    1.224,
    0.70162,
    1.116062,
    1.009,
    1.283,
    1.270341,
    1.597554,
    1.29,
    1.779,
    0.671868,
    1.515,
    1.299327,
    0.548097,
    0.986,
    0.729277,
    1.404223,
    2.635,
    1.043621,
    2.507265,
    1.145487,
    0.551542,
    1.428855,
    0.341326,
    2.612714,
    0.528752,
    0.597854,
    1.488247,
    0.754647,
    0.294,
    0.579061,
    1.001598,
    1.469743,
    1.983085,
    0.67255,
    0.699902,
    0.987877,
    0.87,
    1.493974,
    0.796949,
    1.715154,
    1.247678,
    1.934111,
    1.007926,
    1.612309,
    2.823285,
    0.752704,
    1.142476,
    1.358,
    1.020501,
    0.984,
    0.971978,
    0.489175,
    0.715103,
    0.703,
    0.908,
    1.554651,
    0.897,
    1.158758
  ],
  "5242880": [
    8.472,
    7.870678,
    12.471,
    3.706897,
    10.89152,
    4.177,
    8.131,
    5.074246,
    9.939574,
    12.018164,
    9.517,
    8.376,
    7.460681,
    7.163014,
    5.308,
    4.94519,
    4.174338,
    10.038038,
    10.213,
    6.777,
    7.96178,
    8.819,
    6.29,
    5.316,
    15.632193,
    8.918,
    11.595988,
    12.486238
  ],