{
  "1048576": [
    0.490597,
    0.718561,
    0.414,
    0.447,
    0.418,
    0.508574,
    0.371,
    0.229,
    0.227,
    0.476987,
    0.772431,
    0.44,
    0.229,
    0.412,
    0.447284,
    0.210897,
    0.544547,
    0.510422,
    0.543909,
    0.424023,
    0.643,
    0.610903,
    0.485444,
    0.55,
    0.415,
    0.477383,
    0.631,
    0.319596,
    0.659973,
    0.343233,
    0.181,
    0.353,
    0.628962,
    0.451419,
    0.442032,
    0.820399,
    0.813,
    0.39275,
    0.412,
    0.423,
    0.451,
    0.494,
    0.597,
    0.188445,
    0.564887,
    0.663226,
    0.303311
  ],
  "51200": [
    0.257859,
    0.131,
    0.477621,
    0.33,
    0.541,
    0.620623,
    0.300957,
    0.244292,
    0.586,
    0.50801,
    0.491103,
    0.495895,
    0.615444,
    0.515,
    0.53,
    0.679,
    0.629,
    0.327547,
    0.240904,
    0.570797,
    0.315889,
    0.24,
    0.228,
    0.324385,
    0.442039,
    0.815348,
    0.598,
    0.73249,
    0.442634,
    0.359514,
    0.51775,
    0.629,
    0.095046,
    0.428432,
    0.138,
    0.361,
    0.318,
    0.220554,
    0.436,
    0.358,
    0.475239,
    0.548784,
    0.298,
    0.598124,
    0.341,
    0.563,
    0.22713,
    0.678,
    0.768079,
    0.520876,
    0.710778,
    0.649,
    0.783,
    0.682,
    0.661377,
    0.533,
    0.448,
    0.254,
    0.411871,
    0.595828,
    0.428806,
    0.267522,
    0.358004,
    0.265,
    0.406,
    0.733,
    0.405062,
    0.81437,
    0.425,
    0.369,
    0.560446,
    0.319,
    0.393017,
    0.674,
    0.438,
    0.209144,
    0.46218,
    0.222,
    0.460422,
    0.358506,
    0.199,
    0.481,
    0.524,
    0.354,
    0.91,
    0.737465,
    0.414,
    0.358,
    0.329,
    0.485548,
    0.444,
    0.3891,
    0.406,
    0.479,
    0.462,
    0.436017,
    0.526,
    0.223549,
    0.843,
    0.507,
    0.348865,
    0.303,
    0.307,
    0.484805,
    1.025063,
    0.463,
    0.387124,
    0.57146,
    0.525985,
    0.563259,
    0.886525,
    0.459,
    0.573,
    0.409521,
    0.606933,
    0.395,
    0.831657,
    0.674,
    0.655,
    0.488,
    0.59,
    0.516,
    0.444889,
    0.22,
    0.587365,
    0.562148,
    0.265393,
    0.469,
    0.302,
    0.340549,
    0.282,
    0.751614,
    0.54347,
    0.58,
    0.739,
    0.359,
    0.565,
    0.448,
    0.426897,
    0.524,
    0.618776,
    0.562358,
    0.656,
    0.743539,
    0.416,
    0.547,
    0.244,
    0.216,
    0.405961,
    0.297451,
    0.307748,
    0.443677,
    0.366,
    0.410791,
    0.349,
    0.209808,
    0.435,
    0.293674,
    0.284931,
    0.260103,
    0.526,
    0.313,
    0.204492,
    0.208651,
    0.391879,
    0.242,
    0.219,
    0.259,
    0.658,
    0.223868,
    0.58,
    0.3848,
    0.437975,
    0.51,
    0.421,
    0.232,
    0.51,
    0.25,
    0.592,
    0.329617,
    0.430286,
    0.496442,
    0.379,
    0.267,
    0.691965,
    0.430225,
    0.242545,
    0.835745,
    0.562,
    0.648047,
    0.598,
    0.535,
    0.894,
    0.544,
    0.426,
    0.48,
    0.671,
    0.199,
    0.384186,
    0.240074,
    0.919,
    0.484,
    0.206391,
    0.42138,
    0.597925,
    0.644258,
    0.728,
    0.722605,
    0.664897,
    0.582,
    0.544753,
    0.553,
    0.568,
    0.412,
    0.746873,
    0.341248,
    0.386526,
    0.507101,
    0.695339,
    0.21784,
    0.42,
    0.223889,
    0.974839,
    0.463,
    0.639,
    0.325,
    0.528394,
    0.413887,
    0.41488,
    0.466,
    0.44916,
    0.496,
    0.782,
    0.486674,
    0.906865,
    0.638,
    0.740444,
    0.522,
    0.34293,
    0.328818,
    0.434,
    0.545403,
    0.786,
    0.34,
    0.711151,
    0.247667,
    0.268,
    0.501,
    0.58,
    0.659,
    0.486427,
    0.504681,
    0.400249,
    0.593,
    0.666273,
    0.589802,
    0.702,
    0.401,
    0.217263,
    0.487526,
    0.443,
    0.496135,
    0.622574,
    0.58278,
    0.353943,
    0.303482,
    0.242123,
    0.153,
    0.200886,
    0.508,
    0.425,
    0.543,
    0.324421,
    0.194979,
    0.209149,
    0.310462,
    0.315522,
    0.149,
    0.433,
    0.449549,
    0.466,
    0.263343,
    0.494792,
    0.552592,
    0.746,
    0.421002,
    0.477,
    0.711176,
    0.525,
    0.517,
    0.871,
    0.594388,
    0.471541,
    0.666364,
    0.6,
    0.413,
    0.677,
    0.813903,
    0.427,
    0.577458,
    0.603,
    0.395121,
    0.456359,
    0.580675,
    0.308,
    0.345946,
    0.721,
    0.405634,
    0.520805,
    0.49
  ],
  "5242880": [
    0.387975,
    0.521,
    0.575,
    0.366,
    0.315,
    0.256,
    0.258611,
    0.465922,
    0.370123,
    0.37761,
    0.266714,
    0.313,
    0.434,
    0.229619,
    0.206,
    0.673834
  ],