{
  "1048576": [
    2.580597,
    3.915561,
    2.409,
    2.291,
    2.187,
    2.653,
    2.124299,
    1.136,
    1.381,
    2.930987,
    8.671431,
    2.289,
    1.31,
    2.244,
    2.316,
    1.137897,
    4.266,
    2.714422,
    2.877038,
    2.258375,
    3.331111,
    3.355,
    2.609468,
    2.822,
    2.108,
    2.714,
    3.982,
    2.1,
    3.39904,
    1.879233,
    0.954334,
    2.271,
    3.391294,
    2.436,
    3.067991,
    4.27496,
    4.486,
    2.133324,
    2.194426,
    2.069,
    2.325,
    2.525,
    3.231,
    0.991,
    3.17,
    3.588408,
    1.625
  ],
  "51200": [
    0.675749,
    0.257,
    1.046643,
    0.862776,
    1.615,
    2.165808,
    0.570865,
    0.661376,
    1.423637,
    1.02705,
    1.136,
    0.668567,
    1.212733,
    1.056,
    1.048444,
    1.451,
    1.451537,
    0.459472,
    0.503626,
    1.584958,
    0.727889,
    0.547,
    0.611316,
    1.17482,
    0.762407,
    1.577194,
    1.244858,
    1.847298,
    0.845539,
    0.736941,
    1.005534,
    2.167447,
    0.135046,
    1.035412,
    0.421446,
    0.994763,
    0.742,
    0.468859,
    0.856968,
    1.165,
    0.888543,
    0.98,
    0.602,
    1.151,
    0.818924,
    1.635,
    0.60313,
    1.486,
    1.737079,
    0.924876,
    1.313897,
    1.450868,
    1.906043,
    1.533517,
    1.437,
    1.203879,
    0.860352,
    0.383078,
    0.727438,
    1.667207,
    0.746714,
    0.652903,
    0.952606,
    0.70135,
    1.007,
    2.272124,
    1.220822,
    2.352078,
    0.885345,
    0.787,
    1.371106,
    0.521492,
    0.798325,
    1.298334,
    0.842,
    0.630144,
    1.079013,
    0.391066,
    1.225513,
    1.07365,
    0.622065,
    0.74,
    1.371,
    1.17539,
    2.444,
    1.263397,
    0.794,
    0.692634,
    0.582,
    1.107,
    0.884143,
    0.748385,
    0.787222,
    1.295737,
    0.879,
    1.068846,
    0.811,
    0.430388,
    2.19226,
    1.603569,
    0.719424,
    0.624,
    0.651999,
    0.951812,
    2.062897,
    0.852395,
    0.705542,
    0.876,
    1.070775,
    1.075317,
    1.604546,
    0.826223,
    1.27,
    0.765757,
    1.249217,
    0.47864,
    1.948494,
    1.512891,
    1.432,
    1.153,
    1.418103,
    1.455,
    0.982008,
    0.401,
    1.177646,
    1.658715,
    0.635059,
    1.249,
    0.716204,
    0.818949,
    0.494157,
    1.315897,
    1.307926,
    1.367676,
    1.867,
    0.68064,
    1.410652,
    1.287992,
    0.878897,
    0.927,
    1.249586,
    1.150424,
    1.126588,
    1.863004,
    0.706,
    1.242,
    0.616432,
    0.359103,
    1.009315,
    0.548553,
    0.861506,
    0.805677,
    0.62,
    0.828184,
    1.037884,
    0.557073,
    1.054222,
    0.561716,
    0.554204,
    0.540103,
    1.609,
    0.678223,
    0.488492,
    0.35,
    0.909488,
    0.493992,
    0.404103,
    0.634371,
    1.522,
    0.586868,
    1.045603,
    0.534356,
    1.071975,
    1.283763,
    1.074957,
    0.604,
    1.302,
    0.601332,
    1.311,
    0.675617,
    1.05425,
    1.250583,
    0.603,
    0.866,
    2.238743,
    1.219066,
    0.621028,
    2.377438,
    1.087,
    1.418,
    1.000113,
    1.182,
    2.418902,
    0.881,
    0.835544,
    1.284,
    2.210432,
    0.321862,
    1.032083,
    0.452653,
    1.546,
    1.264222,
    0.594,
    0.88138,
    1.191687,
    1.208474,
    1.498205,
    1.748957,
    1.445021,
    1.038908,
    1.160291,
    0.987,
    1.343,
    1.02,
    2.281873,
    0.723248,
    0.776763,
    1.369288,
    2.244976,
    0.35484,
    1.029697,
    0.449889,
    2.508839,
    1.241689,
    2.170382,
    0.802,
    1.037418,
    0.83589,
    0.998054,
    0.683723,
    0.83516,
    1.025,
    1.76173,
    0.852,
    2.440865,
    1.162606,
    2.27631,
    1.147748,
    0.489866,
    0.61,
    1.029903,
    1.331676,
    2.318689,
    0.748322,
    1.388616,
    0.418615,
    0.476068,
    1.285425,
    1.637124,
    1.697246,
    0.886758,
    1.013705,
    0.704553,
    1.105312,
    1.442603,
    1.216,
    1.484,
    0.901,
    0.438277,
    1.265409,
    1.216,
    1.01653,
    2.157148,
    1.578989,
    0.709442,
    1.070482,
    0.604,
    0.183,
    0.368648,
    1.291891,
    0.604,
    1.615676,
    0.73494,
    0.477074,
    0.593222,
    1.124,
    0.653087,
    0.226078,
    0.997163,
    1.235878,
    0.819103,
    0.743064,
    0.905096,
    1.027592,
    1.379037,
    0.643199,
    0.741129,
    1.376192,
    1.161215,
    0.968683,
    2.404853,
    1.407435,
    0.894647,
    1.39991,
    1.164,
    0.927768,
    1.410968,
    1.886508,
    0.912504,
    1.067274,
    1.09792,
    0.758121,
    0.995936,
    0.995,
    0.55,
    0.635598,
    1.856576,
    0.827751,
    0.919805,
    1.301731
  ],
  "5242880": [
    7.770233,
    8.527,
    8.514,
    6.675,
    4.848184,
    3.991,
    4.146275,
    10.734952,
    7.002055,
    7.01661,
    5.492,
    6.467,
    8.473,
    3.693846,
    4.17,
    11.920834
  ],