{
  "1048576": [
    2.114,
    1.326,
    3.406546,
    4.641778,
    3.859,
    2.958,
    2.887,
    4.015523,
    1.401621,
    1.364236,
    2.208294,
    2.992572,
    1.42,
    0.431981,
    2.614456,
    3.637,
    4.019783,
    1.485846,
    4.834,
    2.500783,
    2.433695,
    2.724353,
    5.813926,
    1.872,
    1.755153,
    2.602638,
    3.736227,
    1.911,
    3.031891,
    3.104636,
    2.612299,
    2.777,
    3.753608,
    3.415408,
    4.526602,
    2.35,
    1.527034,
    3.170193,
    4.061608,
    3.222,
    2.436438,
    2.992,
    2.44364
  ],
  "51200": [
    0.842031,
    0.283,
    0.494,
    0.497191,
    1.420588,
    0.891868,
    0.859238,
    0.951396,
    1.824,
    2.181443,
    1.018155,
    0.924381,
    0.702,
    1.332598,
    1.164326,
    0.577137,
    0.80826,
    1.784781,
    1.510097,
    2.561763,
    1.399121,
    0.926816,
    1.195798,
    0.801549,
    0.752293,
    1.585275,
    1.374177,
    0.909,
    1.668,
    0.726769,
    0.298385,
    0.608975,
    1.242124,
    1.953973,
    1.074616,
    1.4205,
    2.577489,
    0.994532,
    0.705171,
    1.484551,
    1.261474,
    1.153164,
    0.39762,
    1.695268,
    1.135449,
    0.649388,
    1.012,
    1.154418,
    1.577,
    1.051173,
    2.188,
    1.696759,
    2.898179,
    1.226314,
    2.61366,
    1.261064,
    0.417946,
    1.226018,
    0.824688,
    0.648814,
    0.799,
    0.996628,
    1.221706,
    1.414,
    0.569412,
    1.52,
    0.589523,
    1.866099,
    1.550288,
    1.520478,
    0.539872,
    0.763,
    0.679679,
    1.209259,
    2.710069,
    0.802097,
    1.108005,
    2.592404,
    3.732,
    1.509733,
    1.336788,
    0.693729,
    0.718305,
    1.343607,
    2.763581,
    0.560415,
    0.786,
    1.580384,
    2.707855,
    0.750338,
    1.321797,
    2.537386,
    0.258702,
    0.881601,
    1.200113,
    1.487643,
    0.576,
    2.607,
    1.379,
    1.521511,
    1.005,
    1.696,
    0.89665,
    1.386491,
    1.495968,
    1.140794,
    1.4,
    1.264842,
    3.192832,
    1.183995,
    0.961006,
    0.959,
    1.333,
    0.91,
    1.170214,
    1.870244,
    0.394964,
    1.358798,
    0.389725,
    1.136,
    1.767003,
    1.438353,
    1.561762,
    0.923073,
    0.554936,
    0.685993,
    1.565583,
    2.097155,
    2.684801,
    1.529111,
    1.477429,
    1.459975,
    1.449365,
    1.342428,
    1.413567,
    1.337,
    1.770103,
    1.025216,
    1.179,
    0.801115,
    0.320662,
    0.513537,
    0.64,
    0.805,
    0.808381,
    2.665656,
    1.001112,
    0.668073,
    1.021275,
    0.65373,
    0.368,
    1.040174,
    0.511541,
    0.816,
    0.844711,
    1.211786,
    1.240942,
    1.414,
    1.451168,
    0.769597,
    0.562658,
    1.474912,
    0.946397,
    2.626696,
    0.370107,
    0.724401,
    0.596164,
    0.517861,
    1.448654,
    0.672194,
    1.423586,
    0.749477,
    0.985484,
    2.600133,
    0.329676,
    1.467517,
    1.418553,
    1.45379,
    2.581513,
    0.93512,
    2.679605,
    0.86712,
    1.341919,
    0.726832,
    1.152608,
    0.892775,
    1.571969,
    1.066335,
    1.528091,
    1.660401,
    0.480363,
    0.557527,
    0.526505,
    0.625632,
    2.621,
    0.657343,
    0.74704,
    0.938,
    1.31084,
    1.468359,
    0.97677,
    1.488819,
    1.283537,
    1.156502,
    3.552675,
    1.202438,
    0.42948,
    0.705571,
    1.408,
    1.362,
    0.873748,
    1.010321,
    0.86449,
    0.467548,
    0.538387,
    0.381037,
    2.007581,
    2.622,
    1.503,
    1.848431,
    1.402317,
    1.127604,
    0.826036,
    0.809938,
    1.624,
    1.079655,
    2.204691,
    2.778372,
    1.055,
    0.845987,
    1.301902,
    0.554663,
    2.128142,
    1.163466,
    2.692558,
    0.600871,
    1.278095,
    1.05179,
    2.694152,
    0.625593,
    0.55542,
    1.464581,
    2.028697,
    1.840019,
    1.040825,
    2.879969,
    1.903,
    1.478531,
    1.707111,
    1.004305,
    2.241157,
    2.879,
    1.145526,
    2.892,
    0.783831,
    1.163039,
    1.219351,
    2.681,
    0.649194,
    0.755459,
    1.122,
    0.658,
    0.304,
    0.659,
    1.444837,
    1.86512,
    0.862858,
    1.644103,
    0.917,
    1.53761,
    2.560225,
    0.820095,
    0.664,
    1.433075,
    0.414,
    2.162685,
    2.876224,
    0.827372,
    4.069,
    2.140875,
    1.425987,
    1.670819,
    1.413515,
    0.983223,
    1.322,
    1.041,
    1.67,
    1.818227,
    1.933,
    0.962444,
    1.469533,
    2.813816,
    1.051468,
    1.103364,
    0.488192,
    1.625208,
    0.909788,
    1.280111
  ],
  "5242880": [
    8.363114,
    10.302496,
    11.338,
    10.319,
    8.440103,
    14.111258,
    15.676374,
    7.826377,
    7.808136,
    7.436,
    3.773484,
    12.097,
    9.335339,
    16.420522,
    6.439,
    14.839095,
    6.494,
    9.201,
    5.164799,
    5.984,
    12.824,
    8.69,
    8.935287,
    11.261,
    12.418,
    8.711889,
    10.077171,
    9.490142,
    12.926348,
    7.583
  ],