{
  "1048576": [
    0.886,
    2.868705,
    2.347,
    1.089,
    3.626466,
    3.56638,
    3.537,
    2.447284,
    2.36,
    0.881,
    2.280096,
    1.886,
    2.673,
    5.359823,
    2.353,
    4.412,
    2.177,
    1.470064,
    2.767976,
    0.696563,
    2.889,
    5.135106,
    2.633,
    1.190413,
    2.421889,
    1.753544,
    2.368,
    5.077889,
    2.793889,
    1.138027,
    1.619831,
    4.426097,
    1.167,
    3.024,
    1.099219,
    3.013566,
    2.65,
    4.457,
    2.794889,
    1.87,
    3.541,
    2.825,
    3.565976,
    2.491,
    2.219091,
    3.656,
    1.486,
    2.045076,
    1.11,
    2.387281,
    4.422,
    3.753,
    5.247807,
    1.889,
    3.214
  ],
  "51200": [
    0.822345,
    1.141149,
    0.518,
    0.37678,
    2.577903,
    0.532,
    0.970784,
    3.390223,
    1.121946,
    0.95068,
    1.562276,
    1.101592,
    1.63782,
    1.312508,
    1.459889,
    0.696,
    0.218,
    1.202206,
    1.46,
    1.951686,
    2.561,
    0.803,
    1.790225,
    0.974248,
    2.718989,
    1.128103,
    0.586838,
    0.519417,
    2.088027,
    2.791,
    0.835364,
    1.479,
    1.322696,
    0.142889,
    1.078276,
    0.788712,
    0.493,
    0.656,
    1.481,
    3.246124,
    0.728,
    1.474451,
    0.764103,
    2.547026,
    0.960975,
    2.825172,
    1.09,
    1.19366,
    1.649,
    0.976924,
    1.458273,
    0.981941,
    1.31458,
    1.554,
    0.776526,
    0.319466,
    0.403558,
    0.453804,
    1.494223,
    2.015348,
    0.842805,
    1.531,
    1.072435,
    1.703,
    0.697078,
    0.376144,
    0.888439,
    0.563,
    1.980999,
    1.465272,
    0.979858,
    1.17812,
    0.56697,
    2.648286,
    1.021,
    1.361109,
    2.773,
    0.895271,
    1.106446,
    1.873124,
    1.19216,
    0.558,
    1.410994,
    1.924386,
    0.571,
    1.162,
    0.844,
    0.716779,
    1.688,
    1.473578,
    1.556156,
    2.077837,
    0.926264,
    2.785408,
    0.923285,
    1.400325,
    0.409166,
    0.825663,
    1.378159,
    0.73676,
    1.417,
    1.449539,
    1.433539,
    0.861952,
    1.091,
    1.596424,
    0.894,
    1.836129,
    1.143112,
    1.648055,
    0.941,
    1.033704,
    0.807728,
    1.334,
    1.027,
    1.278336,
    1.0173,
    1.246,
    1.236,
    0.677639,
    0.322,
    1.70824,
    1.463578,
    1.1565,
    1.481903,
    2.578305,
    0.829915,
    0.580496,
    1.502208,
    0.666285,
    1.144,
    0.842751,
    0.73095,
    1.148154,
    1.480767,
    1.38,
    0.807281,
    1.535615,
    0.926905,
    1.347768,
    1.176,
    0.953852,
    0.654882,
    1.412662,
    2.566855,
    0.704404,
    0.960947,
    0.757802,
    0.328407,
    0.301815,
    0.489351,
    0.515204,
    1.021692,
    0.654154,
    1.131426,
    1.931252,
    1.424666,
    0.896371,
    2.601806,
    1.301788,
    0.982,
    0.925124,
    1.271656,
    1.262352,
    1.496,
    0.502014,
    1.345,
    0.587456,
    0.82,
    1.010103,
    0.762115,
    0.528,
    1.506486,
    0.383218,
    0.738,
    1.982419,
    2.622111,
    0.510826,
    1.549828,
    0.943037,
    0.895216,
    1.577222,
    1.589009,
    1.600583,
    1.194662,
    0.912,
    0.785082,
    0.994473,
    1.158218,
    0.750165,
    0.268,
    0.777876,
    1.452938,
    1.475162,
    1.412372,
    0.675,
    0.473045,
    1.54,
    1.515663,
    1.377662,
    1.701547,
    2.133106,
    1.367958,
    1.60169,
    0.991627,
    0.606224,
    0.574,
    2.09534,
    2.706,
    0.61,
    2.669111,
    1.065766,
    2.026517,
    0.468,
    1.371569,
    0.670495,
    1.950956,
    2.827084,
    0.531103,
    0.855,
    1.18527,
    1.031752,
    1.328992,
    0.798961,
    1.032408,
    1.229051,
    2.793,
    1.781982,
    1.230225,
    1.87639,
    0.567403,
    1.579096,
    1.318654,
    0.810558,
    0.686,
    0.82574,
    0.547771,
    0.65101,
    1.152,
    0.81531,
    1.483,
    0.975111,
    1.05381,
    2.099882,
    0.908,
    1.697103,
    1.334852,
    2.847889,
    1.134656,
    1.166,
    1.166802,
    0.614488,
    0.272,
    0.308043,
    0.553183,
    0.270448,
    1.895,
    0.733198,
    0.560111,
    2.619783,
    0.174239,
    1.216,
    1.457045,
    1.065,
    0.515124,
    1.650841,
    0.948615,
    0.806651,
    0.334917,
    1.217133,
    1.475041,
    1.329138,
    1.903,
    1.276752,
    1.174393,
    0.782124,
    1.08268,
    2.189522,
    1.385,
    1.41046,
    1.272123,
    1.669285,
    1.132853,
    0.952684,
    1.746412,
    0.730601,
    0.898,
    1.261776,
    1.043686,
    1.031,
    2.707816,
    0.499496,
    1.839,
    2.562284,
    1.626103,
    2.81,
    1.561
  ],
  "5242880": [
    5.067,
    8.917,
    9.623,
    6.391,
    8.4592,
    10.541388,
    9.949,
    7.657,
    7.069,
    13.958961,
    3.893794,
    4.94648,
    8.105,
    11.312876,
    10.034,
    5.889905,
    5.044,
    4.248,
    9.473,
    6.983,
    8.080359
  ],