{
  "1048576": [
    0.255,
    0.191338,
    1.337477,
    0.316879,
    0.704589,
    0.62694,
    1.024,
    0.771942,
    0.492483,
    1.443283,
    1.00955,
    1.013755,
    0.597,
    0.64,
    0.495,
    0.316,
    0.566,
    0.751,
    1.211349,
    0.754519,
    0.29,
    0.506751,
    0.31,
    0.148711,
    0.329063,
    0.411,
    1.022,
    0.618668,
    1.046282,
    0.553,
    1.094,
    0.611416,
    0.824,
    0.469224,
    0.597,
    1.171111,
    0.779,
    0.358704,
    0.569702,
    0.758095,
    0.658559,
    0.558,
    0.843,
    0.594,
    0.500538
  ],
  "51200": [
    0.221519,
    0.291805,
    0.805,
    0.672,
    0.708,
    0.763719,
    0.702,
    0.495284,
    0.599,
    0.748585,
    0.47927,
    0.896,
    1.13,
    0.860324,
    1.472047,
    0.763492,
    1.001923,
    0.202,
    0.460458,
    0.700516,
    0.694128,
    0.557266,
    0.610788,
    1.014,
    0.508,
    0.833668,
    0.338,
    0.297035,
    0.419,
    0.761539,
    1.21,
    0.489,
    1.069654,
    0.702097,
    0.675452,
    0.601,
    0.581294,
    0.247,
    0.793443,
    0.33124,
    0.624,
    0.605,
    1.352419,
    0.953559,
    0.233824,
    0.526,
    0.669806,
    1.254,
    0.617,
    0.891,
    0.491602,
    0.849,
    0.51,
    0.670887,
    0.555,
    0.579,
    0.773,
    0.36,
    0.638,
    0.355,
    0.247,
    0.925124,
    0.522,
    0.856,
    1.003884,
    0.237,
    0.48065,
    0.218477,
    0.458,
    0.34,
    0.724,
    1.184087,
    0.298315,
    0.796643,
    0.412,
    0.439079,
    0.981,
    0.522,
    0.744,
    0.965,
    0.405838,
    0.343751,
    0.661097,
    0.144614,
    1.01,
    0.61,
    0.536,
    0.670221,
    1.171124,
    0.295838,
    0.403,
    0.359,
    0.574124,
    0.554,
    0.414,
    0.469,
    0.61,
    0.370865,
    0.131213,
    0.661,
    0.642,
    0.876878,
    0.344,
    0.628,
    1.044,
    0.632526,
    0.579,
    0.424,
    0.411,
    0.549,
    0.581,
    0.72135,
    0.998,
    0.960414,
    0.5,
    0.834,
    0.497,
    0.552673,
    0.951,
    0.675579,
    0.85,
    0.586,
    0.805151,
    0.312414,
    0.177,
    0.263,
    0.718605,
    0.70902,
    0.819,
    0.278,
    1.054,
    0.780524,
    0.488,
    0.649321,
    0.368539,
    0.361,
    0.811805,
    0.470487,
    0.587824,
    0.501,
    0.749995,
    0.764194,
    0.454708,
    0.850469,
    0.60923,
    1.240716,
    0.766,
    1.223,
    0.69,
    0.459557,
    0.749,
    1.093715,
    0.37,
    0.576,
    0.496,
    0.362478,
    0.569,
    0.623,
    0.489,
    0.656,
    0.841115,
    1.016931,
    0.643,
    0.513,
    0.606,
    0.62,
    0.661,
    0.471,
    0.778707,
    0.865,
    0.4,
    0.221,
    0.63,
    0.638,
    0.701544,
    0.893,
    1.171536,
    0.891861,
    0.866,
    0.534235,
    0.155255,
    0.191668,
    0.485,
    0.587202,
    0.508086,
    0.495,
    0.491541,
    0.612,
    0.356874,
    0.676,
    0.382857,
    0.505,
    0.528,
    0.6,
    0.178,
    0.607354,
    0.684,
    0.83,
    0.401,
    0.629,
    0.392,
    0.637828,
    0.358,
    0.495467,
    0.895,
    0.827224,
    1.08076,
    0.589744,
    0.628352,
    0.92171,
    0.312984,
    0.365675,
    0.357,
    0.602469,
    1.156,
    0.76,
    0.38,
    0.594,
    0.784465,
    0.204058,
    0.281333,
    0.67,
    0.486388,
    0.37,
    0.319,
    0.31,
    0.401076,
    0.595399,
    0.477,
    0.719269,
    0.875,
    0.414,
    0.788,
    0.581,
    0.919366,
    0.857191,
    0.774,
    0.467289,
    0.270024,
    0.685825,
    0.569094,
    0.411817,
    0.468,
    0.300925,
    0.790709,
    0.673,
    0.851,
    0.850979,
    0.443,
    1.114,
    0.661478,
    0.566,
    0.551218,
    0.958,
    0.883804,
    0.524865,
    0.584,
    1.007431,
    0.83,
    0.36,
    0.452,
    0.826381,
    0.569,
    0.287581,
    0.545281,
    1.328,
    0.695741,
    0.611,
    0.219688,
    0.705,
    0.221005,
    0.752737,
    0.844586,
    0.375,
    0.553,
    0.326124,
    0.154,
    0.571,
    0.682,
    0.584001,
    0.48,
    1.054265,
    0.31,
    0.661,
    0.598368,
    0.453553,
    0.744162,
    0.89,
    0.968,
    1.067664,
    0.659436,
    1.013991,
    0.86,
    0.554,
    1.061477,
    0.493,
    0.98194,
    0.774128,
    0.811,
    0.519,
    0.782,
    0.804,
    0.474461,
    0.647273,
    0.758617,
    0.458338,
    0.323,
    0.625,
    0.540696,
    0.375016,
    1.201111,
    0.625
  ],
  "5242880": [
    0.256,
    0.547,
    0.87,
    0.598,
    0.463,
    0.445128,
    0.828715,
    0.301,
    0.383917,
    0.540343,
    0.572,
    0.846,
    0.618,
    0.654483,
    0.732455,
    0.960173,
    0.724,
    0.237131,
    0.784,
    0.882
  ],