{
  "1048576": [
    1.177,
    1.066338,
    5.442,
    1.337879,
    2.960836,
    2.59094,
    4.369,
    4.63308,
    2.014483,
    5.897088,
    9.354808,
    4.364755,
    2.585,
    2.997,
    2.045,
    1.713,
    2.369,
    3.091,
    5.078258,
    3.468408,
    1.274,
    2.366,
    1.327,
    0.756938,
    1.414121,
    1.966,
    4.395,
    2.586023,
    4.513,
    2.283,
    4.505,
    2.558,
    3.925,
    1.958,
    2.589,
    4.775,
    3.129933,
    1.900887,
    2.395,
    3.723095,
    2.966761,
    2.534,
    3.427,
    2.644,
    2.596538
  ],
  "51200": [
    0.335408,
    0.518111,
    1.77424,
    1.448,
    1.715,
    1.673288,
    1.554515,
    0.961387,
    1.016432,
    1.225284,
    0.937021,
    1.673902,
    2.208,
    1.695324,
    2.767781,
    1.428508,
    2.531158,
    0.397505,
    0.962881,
    1.470536,
    1.349,
    1.269728,
    1.314594,
    2.574,
    0.964206,
    1.678083,
    0.468248,
    0.410727,
    0.691,
    1.271215,
    2.741992,
    0.860844,
    2.769654,
    1.160125,
    1.530353,
    1.198124,
    1.202,
    0.416627,
    1.846753,
    0.68524,
    1.320867,
    1.4356,
    2.882963,
    1.914,
    0.358927,
    0.798998,
    0.756001,
    2.784977,
    1.109,
    1.564,
    1.00637,
    1.636,
    0.96533,
    1.263,
    1.117408,
    1.142704,
    1.333,
    0.722,
    1.114,
    0.595903,
    0.436,
    1.788588,
    0.771254,
    1.657,
    2.535281,
    0.357362,
    0.863,
    0.390926,
    1.16,
    0.767752,
    1.490852,
    2.732884,
    0.662603,
    1.564127,
    0.748244,
    0.86239,
    2.115825,
    1.085,
    1.525402,
    2.047158,
    0.713499,
    0.650193,
    1.45,
    0.241721,
    2.558223,
    1.243206,
    0.896,
    1.125719,
    2.699,
    0.608768,
    0.577,
    0.537103,
    1.165248,
    0.926534,
    0.665539,
    0.814,
    1.06493,
    0.79433,
    0.177552,
    1.444616,
    1.410494,
    2.005268,
    0.692,
    1.394,
    2.567203,
    1.40892,
    0.94391,
    0.73234,
    0.755922,
    0.966984,
    1.020944,
    1.318237,
    2.05,
    1.740557,
    0.975,
    1.460222,
    0.972554,
    0.995737,
    1.652752,
    1.049629,
    1.624468,
    1.024563,
    1.50243,
    0.695488,
    0.25456,
    0.438,
    1.473786,
    1.464734,
    1.864495,
    0.540103,
    2.585,
    1.580189,
    0.909103,
    1.272169,
    0.657018,
    0.608133,
    1.577805,
    0.981829,
    0.862824,
    0.980804,
    1.436338,
    1.372194,
    0.76392,
    1.628469,
    1.229803,
    2.782294,
    1.260998,
    2.754202,
    1.371908,
    0.921362,
    1.286124,
    2.21228,
    0.730288,
    1.24131,
    0.959335,
    0.699228,
    1.188,
    1.126103,
    1.080404,
    1.450922,
    1.961283,
    2.551931,
    1.406825,
    0.976037,
    1.228831,
    1.393508,
    1.434062,
    1.083757,
    1.828564,
    1.866,
    0.812,
    0.325052,
    1.237776,
    1.414244,
    1.468825,
    2.013744,
    2.700536,
    1.665774,
    1.678947,
    1.065235,
    0.288285,
    0.364903,
    0.901692,
    1.218538,
    0.893702,
    0.972,
    0.880497,
    1.06774,
    0.524875,
    1.322506,
    0.638067,
    0.922805,
    0.946184,
    1.222303,
    0.280065,
    1.265426,
    1.448806,
    1.951,
    0.842286,
    1.414,
    0.81039,
    1.11303,
    0.881418,
    0.908767,
    1.664,
    1.482249,
    2.223,
    1.028744,
    1.294,
    1.71171,
    0.619638,
    0.704487,
    0.56884,
    1.208,
    2.705,
    1.542795,
    0.725048,
    1.282505,
    1.823465,
    0.334645,
    0.508,
    1.449668,
    0.998388,
    0.905,
    0.669061,
    0.584,
    0.772434,
    1.399255,
    1.141136,
    1.336076,
    1.64134,
    0.879728,
    1.454,
    1.046952,
    1.705322,
    1.41862,
    1.588,
    0.86535,
    0.556632,
    1.274706,
    0.936094,
    0.734541,
    0.909297,
    0.604617,
    1.560709,
    1.316,
    1.871889,
    1.698426,
    0.764,
    2.651196,
    1.158513,
    0.948,
    1.155278,
    1.577233,
    1.669804,
    0.962549,
    1.25,
    2.063227,
    1.640103,
    0.60586,
    0.970407,
    1.597826,
    1.295,
    0.671581,
    1.136211,
    3.273287,
    1.551715,
    1.227368,
    0.37284,
    1.492223,
    0.440914,
    1.827299,
    1.825238,
    0.746905,
    1.449,
    0.696077,
    0.247903,
    1.181,
    1.458201,
    1.242001,
    1.105,
    2.597,
    0.582385,
    1.498103,
    1.069054,
    0.957797,
    1.225015,
    1.675847,
    1.746518,
    2.202938,
    1.082768,
    2.009512,
    1.686628,
    0.959499,
    1.926477,
    1.005312,
    1.759109,
    1.376718,
    1.485844,
    1.10606,
    1.423,
    1.607,
    0.843123,
    1.185,
    1.372229,
    0.838778,
    0.593,
    1.241015,
    0.929799,
    0.757976,
    2.842546,
    1.305111
  ],
  "5242880": [
    4.264422,
    9.053,
    9.076,
    9.925,
    6.368,
    6.550378,
    10.924715,
    4.711,
    5.162,
    6.661385,
    7.973,
    11.434,
    6.921,
    11.310483,
    9.227,
    7.785745,
    9.229,
    3.878,
    8.449,
    12.496
  ],