{
  "1048576": [
    4.354841,
    2.533969,
    3.714,
    4.072955,
    2.973306,
    2.806,
    1.279,
    3.1,
    1.88,
    2.969,
    3.327679,
    2.13,
    1.562281,
    3.318595,
    3.186,
    2.624,
    1.82885,
    3.383,
    4.90699,
    3.012,
    1.401172,
    1.074024,
    2.226059,
    4.170614,
    1.046466,
    2.867553,
    1.892,
    1.755,
    2.047457,
    5.991,
    3.879431,
    3.030434,
    2.103,
    2.977,
    2.61,
    2.343,
    4.369,
    2.794,
    1.256,
    2.283,
    3.195
  ],
  "51200": [
    0.760951,
    1.244402,
    1.099176,
    0.456271,
    0.842909,
    0.951739,
    1.475737,
    0.665373,
    0.961852,
    2.014,
    1.444327,
    0.528361,
    0.924,
    1.460487,
    2.201806,
    0.968781,
    1.666091,
    2.760567,
    1.783366,
    0.695933,
    0.333,
    0.335806,
    1.216892,
    1.457,
    1.115772,
    1.476495,
    1.465466,
    0.939681,
    1.356,
    0.894,
    0.724352,
    0.718496,
    1.251416,
    1.678871,
    1.47834,
    1.458391,
    0.967925,
    1.207718,
    1.596922,
    0.758725,
    0.697539,
    0.92,
    0.572763,
    0.615148,
    0.94934,
    1.416,
    1.99329,
    1.761686,
    1.888372,
    0.731939,
    1.239021,
    0.834222,
    0.666,
    2.587103,
    1.00788,
    0.933939,
    1.664103,
    2.132006,
    1.642663,
    1.073333,
    1.030802,
    0.800627,
    0.426836,
    0.27,
    0.489,
    1.227,
    1.705876,
    1.491755,
    0.667574,
    0.150427,
    0.984478,
    0.499847,
    1.513124,
    1.281496,
    2.544,
    1.651104,
    0.877904,
    0.983159,
    0.872,
    1.210527,
    1.183,
    1.404,
    0.956,
    1.579905,
    1.526,
    0.704,
    1.155903,
    0.916597,
    1.396,
    0.437,
    1.949748,
    1.552358,
    0.654418,
    1.584,
    1.318902,
    2.756219,
    0.692648,
    0.548,
    0.844782,
    0.856,
    1.177,
    1.941476,
    0.323332,
    0.627676,
    1.479,
    1.601506,
    1.092,
    1.019,
    1.244835,
    1.7282,
    1.461384,
    0.906267,
    1.683706,
    1.124089,
    1.424858,
    1.089015,
    1.787503,
    0.940902,
    1.393,
    1.091476,
    0.918042,
    1.073465,
    1.108,
    1.139889,
    1.369106,
    0.769,
    1.209174,
    1.363618,
    0.297402,
    0.720212,
    2.605789,
    1.299397,
    0.838468,
    0.43586,
    1.305662,
    0.58408,
    1.230483,
    1.576887,
    1.629,
    0.881554,
    1.446285,
    1.404111,
    0.606353,
    1.61164,
    1.644494,
    1.069078,
    1.777435,
    1.035684,
    1.191244,
    0.783,
    0.554868,
    1.711692,
    1.241763,
    2.549569,
    2.550909,
    1.614692,
    2.724297,
    1.208409,
    1.405532,
    1.643963,
    0.886767,
    0.614678,
    1.508,
    0.998763,
    0.793,
    1.221422,
    0.766,
    0.603,
    0.453031,
    1.891,
    0.794,
    1.452347,
    1.754,
    0.979076,
    0.763499,
    0.27404,
    1.225103,
    1.448,
    0.410268,
    1.936086,
    0.728064,
    1.507657,
    0.908,
    1.767,
    0.811016,
    0.303453,
    1.409029,
    1.43231,
    1.332427,
    2.548326,
    2.53359,
    0.713,
    2.669274,
    1.206404,
    0.929996,
    1.655325,
    0.838857,
    0.996542,
    2.142758,
    0.793,
    1.471539,
    1.478,
    2.603278,
    1.845022,
    0.591844,
    2.613371,
    1.411262,
    0.781691,
    0.836,
    1.658425,
    1.302117,
    1.006402,
    1.771238,
    2.762293,
    1.59,
    1.085947,
    1.291804,
    1.553072,
    1.509686,
    0.836651,
    1.982139,
    1.50122,
    0.907729,
    1.510067,
    0.593,
    0.461103,
    0.386,
    1.410595,
    0.766686,
    0.563909,
    2.884,
    0.552579,
    1.405588,
    1.715397,
    1.354968,
    2.78,
    1.632497,
    1.633207,
    0.942241,
    1.324466,
    1.294,
    0.617,
    1.331,
    1.323903,
    1.799316,
    0.723852,
    1.891,
    1.126921,
    2.736,
    1.288737,
    1.566886,
    1.474244,
    0.66727,
    1.203794,
    1.604812,
    1.001615,
    1.188,
    1.06,
    0.94325,
    2.19612,
    0.95968,
    2.864032,
    1.231993,
    0.970245,
    1.205373,
    0.879432,
    2.004248,
    2.029,
    2.234,
    2.597103,
    0.334459,
    0.35,
    0.547465,
    0.990483,
    0.699831,
    1.45342,
    0.669,
    0.937863,
    2.613385,
    1.221676,
    1.497,
    0.413,
    1.473284,
    1.078574,
    2.791238,
    1.008365,
    1.163773,
    1.4623,
    3.157454,
    0.745237,
    0.98174,
    1.134763,
    1.280877,
    1.713915,
    2.833,
    1.348,
    1.125843,
    1.113,
    0.745238,
    1.032331,
    0.908,
    2.00884,
    2.833,
    1.188,
    1.050768,
    1.582,
    0.873463,
    1.283112,
    1.635473,
    0.951877,
    0.721889,
    1.047599,
    1.637472
  ],
  "5242880": [
    9.461,
    8.852,
    9.676124,
    14.896819,
    17.814062,
    6.263,
    10.958601,
    7.029897,
    16.032,
    8.456,
    8.342,
    9.119,
    7.231903,
    10.092,
    4.993,
    10.365,
    2.868,
    13.9,
    9.712,
    9.040787,
    4.424,
    2.880905,
    3.761,
    7.417
  ],