{
  "1048576": [
    1.004841,
    0.522175,
    0.907,
    0.908189,
    0.469,
    0.528,
    0.259926,
    0.751,
    0.455,
    0.571,
    0.818679,
    0.412886,
    0.372281,
    0.785595,
    0.696,
    0.492,
    0.416,
    0.785245,
    1.002781,
    0.717,
    0.332,
    0.214,
    0.394857,
    1.008025,
    0.233868,
    0.513553,
    0.318,
    0.359,
    0.438,
    1.473716,
    0.893431,
    0.636584,
    0.455,
    0.708,
    0.481,
    0.562,
    1.009,
    0.682,
    0.266865,
    0.531,
    0.773
  ],
  "51200": [
    0.374155,
    0.628654,
    0.541,
    0.274,
    0.42458,
    0.447,
    0.702634,
    0.282,
    0.514838,
    1.067,
    0.822077,
    0.431257,
    0.441,
    0.814487,
    1.087,
    0.558,
    0.893897,
    1.231567,
    0.953,
    0.334,
    0.187,
    0.214,
    0.568,
    0.683,
    0.493834,
    0.662495,
    0.586466,
    0.508124,
    0.731,
    0.442,
    0.467,
    0.409,
    0.628713,
    0.841,
    0.782,
    0.641097,
    0.541432,
    0.571,
    0.917404,
    0.453748,
    0.44,
    0.405,
    0.313,
    0.27,
    0.486,
    0.686,
    1.023254,
    0.787518,
    1.101223,
    0.467533,
    0.611478,
    0.424,
    0.348,
    1.052,
    0.540944,
    0.494,
    0.879,
    1.153,
    0.870838,
    0.586,
    0.563427,
    0.392,
    0.246883,
    0.190734,
    0.286,
    0.65,
    0.921,
    0.661,
    0.282,
    0.113202,
    0.525542,
    0.290915,
    0.709,
    0.658,
    1.01,
    0.883888,
    0.494769,
    0.518,
    0.506,
    0.677,
    0.671716,
    0.687,
    0.526,
    0.809,
    0.715716,
    0.324,
    0.538,
    0.595788,
    0.622861,
    0.237,
    0.83512,
    0.704687,
    0.321102,
    0.742,
    0.517,
    1.222894,
    0.354574,
    0.345,
    0.392921,
    0.431,
    0.625,
    0.86,
    0.228515,
    0.437,
    0.70235,
    0.757438,
    0.5,
    0.54,
    0.685993,
    0.967087,
    0.839,
    0.440539,
    0.912706,
    0.649329,
    0.835525,
    0.613018,
    0.971573,
    0.546,
    0.76802,
    0.501,
    0.572195,
    0.589,
    0.518,
    0.622707,
    0.801106,
    0.390111,
    0.599,
    0.750028,
    0.181081,
    0.328309,
    1.071789,
    0.525,
    0.426,
    0.277798,
    0.671104,
    0.35508,
    0.591,
    0.737992,
    0.833,
    0.48,
    0.644285,
    0.721044,
    0.415,
    0.829767,
    0.860834,
    0.584,
    0.920712,
    0.562523,
    0.579529,
    0.38,
    0.31112,
    0.936586,
    0.655,
    1.010174,
    1.009,
    0.784,
    1.191756,
    0.592,
    0.631627,
    0.854528,
    0.463116,
    0.366438,
    0.665,
    0.554,
    0.372728,
    0.591392,
    0.40492,
    0.323614,
    0.28892,
    0.808,
    0.434111,
    0.665,
    0.917,
    0.519,
    0.366,
    0.206818,
    0.617,
    0.667103,
    0.241,
    0.872,
    0.348556,
    0.72,
    0.51931,
    0.859,
    0.392,
    0.179961,
    0.649,
    0.65,
    0.737448,
    1.012,
    1.18,
    0.327,
    1.132284,
    0.68759,
    0.521928,
    0.876,
    0.471857,
    0.591922,
    0.857,
    0.387806,
    0.647,
    0.695154,
    1.272858,
    0.809022,
    0.289556,
    1.088,
    0.589581,
    0.473509,
    0.498,
    0.88,
    0.69,
    0.594163,
    1.0,
    1.234,
    0.776,
    0.554778,
    0.668692,
    0.775748,
    0.78,
    0.483651,
    0.947,
    0.68824,
    0.513,
    0.885067,
    0.342124,
    0.282,
    0.207005,
    0.687595,
    0.353138,
    0.306522,
    1.240433,
    0.523766,
    0.783501,
    0.929,
    0.724,
    1.241,
    0.918814,
    0.818,
    0.561035,
    0.706,
    0.676,
    0.333,
    0.693,
    0.618,
    0.861,
    0.43832,
    0.883,
    0.654,
    1.186992,
    0.671776,
    0.800947,
    0.708,
    0.373,
    0.599794,
    0.819897,
    0.597,
    0.678,
    0.469,
    0.641188,
    1.079,
    0.604,
    1.329,
    0.76169,
    0.537042,
    0.556,
    0.574492,
    0.875,
    0.81,
    0.767,
    1.078,
    0.212847,
    0.245,
    0.3,
    0.399181,
    0.323266,
    0.684,
    0.329,
    0.467,
    1.087397,
    0.607,
    0.707827,
    0.258,
    0.705284,
    0.449876,
    1.263662,
    0.551478,
    0.600365,
    0.842897,
    2.217192,
    0.461237,
    0.700036,
    0.583718,
    0.615861,
    0.929,
    1.288335,
    0.784,
    0.56681,
    0.503,
    0.477,
    0.466434,
    0.527,
    0.994,
    1.291,
    0.58,
    0.536,
    0.766,
    0.40427,
    0.703714,
    0.92269,
    0.52692,
    0.406889,
    0.68,
    0.818472
  ],
  "5242880": [
    1.06,
    0.814,
    0.683,
    1.158819,
    1.035096,
    0.452,
    0.623325,
    0.577897,
    1.121,
    0.632,
    0.695,
    0.733,
    0.628,
    0.751,
    0.527,
    0.791,
    0.150772,
    1.258,
    0.562,
    0.546612,
    0.236,
    0.226249,
    0.333,
    0.422
  ],