{
  "1048576": [
    4.102414,
    3.413,
    2.895,
    1.928,
    3.028,
    2.193722,
    3.227586,
    1.189,
    3.751,
    3.266,
    3.34213,
    1.647,
    2.565,
    3.354,
    3.731,
    0.963,
    3.318024,
    4.311,
    2.627,
    1.890081,
    2.280293,
    2.85,
    1.06,
    1.249,
    4.394,
    2.277,
    3.716257,
    3.915,
    3.146197,
    1.098,
    4.225,
    3.535,
    2.518668,
    1.526934,
    3.965,
    0.900992,
    1.944,
    22.583263,
    1.507
  ],
  "51200": [
    1.695596,
    1.208111,
    1.151441,
    1.037135,
    1.136797,
    0.815,
    1.6747,
    2.597344,
    0.976503,
    2.805282,
    1.00202,
    1.994989,
    2.143821,
    0.741,
    1.630118,
    0.969482,
    0.268755,
    0.333,
    0.43913,
    0.457,
    1.197404,
    2.59797,
    0.624287,
    0.821,
    0.611248,
    1.159839,
    1.560959,
    1.662922,
    2.09103,
    0.904222,
    1.642794,
    0.986646,
    1.678163,
    2.571097,
    0.1888,
    1.177473,
    1.402287,
    1.434316,
    2.077983,
    0.761,
    0.961687,
    0.67135,
    0.273097,
    0.570347,
    2.12608,
    1.097094,
    0.759981,
    1.453295,
    1.251928,
    1.445828,
    0.961728,
    1.623833,
    2.30075,
    1.092,
    0.995883,
    1.434,
    2.637406,
    0.446,
    1.825,
    0.487634,
    1.180012,
    2.596066,
    1.47259,
    0.7174,
    1.41,
    1.494934,
    0.279,
    0.499097,
    0.572124,
    0.384201,
    0.744,
    0.54,
    0.962408,
    1.35133,
    1.259,
    1.639328,
    1.397659,
    1.661699,
    0.987527,
    0.958895,
    0.631889,
    1.506436,
    0.509,
    0.763103,
    0.695063,
    0.690832,
    1.222206,
    2.704103,
    1.335124,
    0.934324,
    2.095005,
    2.731,
    0.960982,
    1.502722,
    2.535374,
    1.17494,
    0.394474,
    0.431752,
    1.947068,
    0.719763,
    0.576845,
    0.87614,
    1.28,
    1.061426,
    1.068888,
    1.244644,
    1.337944,
    0.795,
    1.101506,
    1.542103,
    1.078568,
    0.938829,
    0.957515,
    1.015,
    0.710438,
    1.493004,
    2.751467,
    1.670386,
    2.302719,
    1.560344,
    1.500567,
    1.475531,
    1.191847,
    1.40733,
    0.536502,
    1.231299,
    0.76,
    1.288208,
    1.547153,
    1.373,
    1.356,
    0.489141,
    0.621153,
    0.734235,
    1.180106,
    2.710922,
    1.335,
    2.693373,
    1.50611,
    1.003769,
    0.884531,
    1.627857,
    1.27792,
    1.001952,
    1.097,
    1.724686,
    1.476393,
    0.282,
    1.159,
    0.575291,
    1.954276,
    0.77,
    1.149985,
    2.758767,
    1.50343,
    2.53871,
    1.003,
    1.554122,
    0.569415,
    2.061301,
    2.55596,
    2.55587,
    0.974137,
    0.966814,
    1.176503,
    1.509952,
    0.556501,
    0.703111,
    1.097,
    1.408,
    0.755228,
    0.633,
    1.257903,
    0.569,
    0.392393,
    2.042468,
    2.626,
    1.319612,
    1.004231,
    0.681803,
    1.169,
    0.416591,
    0.513436,
    1.351437,
    0.680637,
    0.713601,
    1.385367,
    1.788103,
    1.153751,
    0.592372,
    1.571949,
    1.260061,
    2.719168,
    0.645103,
    1.016974,
    1.712,
    1.21688,
    0.919792,
    2.52,
    0.46647,
    1.394694,
    1.082637,
    0.884166,
    1.035735,
    1.674261,
    1.270338,
    1.278888,
    0.790124,
    0.90431,
    1.171396,
    2.663575,
    0.524596,
    0.524537,
    0.707883,
    0.616652,
    0.984007,
    1.817187,
    0.930903,
    1.449,
    0.780133,
    1.230029,
    1.402284,
    0.525055,
    1.096436,
    0.818,
    0.556075,
    1.823,
    0.948666,
    1.02826,
    0.921351,
    0.697651,
    0.750495,
    1.683,
    0.909865,
    1.116408,
    1.596641,
    2.663801,
    1.240689,
    0.498431,
    1.530248,
    0.528,
    1.148012,
    0.728,
    0.966288,
    0.794785,
    0.580898,
    1.313539,
    2.055903,
    1.733528,
    1.004186,
    1.521939,
    2.901189,
    1.453093,
    1.062609,
    1.644,
    1.717169,
    2.202903,
    1.044969,
    1.756,
    1.367,
    0.662053,
    1.491012,
    0.476983,
    0.494236,
    1.447578,
    1.914111,
    2.543,
    1.306223,
    0.833865,
    1.501,
    0.72691,
    0.475523,
    1.08557,
    0.316,
    1.261386,
    0.6168,
    2.577383,
    1.469168,
    1.514,
    0.672349,
    0.554577,
    0.489903,
    1.474526,
    0.567604,
    1.006655,
    1.342169,
    1.528511,
    1.431,
    1.595834,
    1.011384,
    1.474,
    2.078702,
    1.29046,
    1.627848,
    1.067978,
    1.509095,
    1.254461,
    0.867,
    0.967122,
    2.096477,
    1.282663,
    1.647646,
    0.90647,
    1.21637,
    0.663258,
    1.530592,
    0.53,
    2.171034,
    2.722,
    1.222,
    1.866973
  ],
  "5242880": [
    7.279,
    12.545,
    11.917449,
    13.948,
    19.144266,
    12.28,
    9.942,
    9.896,
    12.732,
    4.608,
    6.404,
    5.762655,
    3.689819,
    4.347,
    10.311367,
    6.864,
    7.568,
    9.299,
    11.092,
    3.906,
    10.984753,
    15.286626,
    13.072429
  ],