{
  "1048576": [
    1.213124,
    1.379775,
    1.628344,
    1.755031,
    1.201547,
    0.77309,
    0.503982,
    1.489577,
    1.432915,
    0.334982,
    1.461884,
    1.428447,
    1.582203,
    1.279799,
    1.214111,
    1.656709,
    1.720818,
    1.489136,
    1.209904,
    0.214272,
    1.205422,
    1.412237,
    1.881914,
    1.6529,
    0.882982,
    0.469982,
    1.766153,
    1.235926,
    0.447982,
    1.235551,
    0.207513,
    1.80871,
    1.627776,
    1.316995,
    0.405013,
    0.355595,
    1.525177,
    1.433649,
    1.55723,
    1.351932,
    0.287982,
    1.59715,
    1.515064,
    1.850608,
    1.497009,
    1.893383,
    1.572623,
    1.6386,
    1.392671,
    1.503818,
    1.711869,
    0.438981,
    0.763186,
    1.476079,
    1.431389,
    1.460876,
    1.580117
  ],
  "51200": [
    1.214929,
    1.317345,
    1.380244,
    1.214985,
    1.437677,
    0.859496,
    0.316982,
    1.255134,
    1.837593,
    1.751646,
    1.379982,
    1.55849,
    0.507845,
    1.5602,
    1.637139,
    1.262528,
    1.295447,
    1.186522,
    0.669053,
    1.660225,
    0.752148,
    0.790982,
    1.528124,
    1.382699,
    0.366982,
    1.664438,
    1.358903,
    1.41781,
    0.553982,
    1.504146,
    0.664086,
    0.588984,
    1.477164,
    1.590545,
    1.28301,
    1.422007,
    1.553686,
    1.172982,
    1.715793,
    1.216122,
    1.800775,
    1.579007,
    0.362284,
    0.284982,
    1.307755,
    1.271982,
    1.371904,
    1.426028,
    1.684802,
    1.787187,
    1.540985,
    1.615364,
    0.247004,
    1.248002,
    0.252696,
    1.270552,
    1.901584,
    0.718981,
    1.407282,
    0.382365,
    1.431965,
    0.310029,
    1.250091,
    1.329982,
    1.36842,
    1.792743,
    0.461108,
    0.338208,
    1.579124,
    1.992877,
    1.774272,
    1.318035,
    0.558982,
    0.490981,
    1.172756,
    1.588065,
    1.267331,
    0.291982,
    1.351367,
    1.384249,
    1.563444,
    1.340453,
    0.370982,
    1.648935,
    1.45698,
    1.39135,
    0.795982,
    1.143982,
    1.466243,
    1.486663,
    1.216246,
    0.438972,
    1.198087,
    1.474507,
    1.556312,
    1.346255,
    0.833982,
    1.446212,
    0.823982,
    1.511376,
    0.968543,
    1.818187,
    1.470496,
    0.586839,
    1.693555,
    0.588982,
    0.856983,
    1.636168,
    1.655933,
    0.46725,
    1.516884,
    1.404979,
    0.743981,
    1.466464,
    1.259753,
    1.21739,
    1.372076,
    1.682992,
    0.616982,
    1.617458,
    1.444147,
    1.249986,
    1.428419,
    0.302982,
    1.629123,
    1.139982,
    1.357981,
    1.803957,
    1.806881,
    1.476985,
    1.683911,
    1.754627,
    1.730118,
    0.798278,
    1.670618,
    1.488044,
    0.259982,
    1.345971,
    1.459982,
    0.751982,
    1.251168,
    0.329082,
    1.274458,
    1.572851,
    1.679052,
    1.308126,
    1.165943,
    1.502176,
    1.442006,
    0.498625,
    0.612981,
    0.641982,
    1.554772,
    1.413951,
    0.185686,
    1.269325,
    1.547007,
    1.203982,
    1.30715,
    0.709529,
    0.501982,
    1.655918,
    1.392371,
    0.647159,
    1.388903,
    1.673266,
    1.265413,
    1.403086,
    0.397841,
    1.472522,
    1.383961,
    1.635926,
    1.507505,
    0.438981,
    0.31809,
    1.645035,
    1.545982,
    1.382516,
    0.382982,
    1.368513,
    1.676002,
    1.613813,
    1.561916,
    1.570553,
    0.325981,
    1.50373,
    0.327338,
    1.168991,
    1.422934,
    0.72531,
    1.250995,
    0.346489,
    1.080896,
    1.37512,
    1.833947,
    0.589783,
    0.471982,
    1.702406,
    1.803876,
    1.520982,
    1.995174,
    1.714642,
    1.529153,
    1.141853,
    1.584445,
    1.309028,
    1.995603,
    1.788294,
    0.357552,
    1.344128,
    0.721982,
    0.421898,
    1.210024,
    1.207668,
    1.254002,
    1.470227,
    1.229572,
    1.65671,
    1.412515,
    0.845982,
    1.645277,
    1.701201,
    1.765202,
    1.422565,
    0.32779,
    1.411898,
    1.554602,
    1.530718,
    0.826285,
    1.383919,
    0.165982,
    1.515816,
    1.325874,
    1.310698,
    1.280954,
    1.898982,
    1.744728,
    1.466639,
    1.697829,
    1.697676,
    0.690208,
    1.680016,
    0.465755,
    1.621042,
    0.382982,
    0.096982,
    1.16778,
    1.235931,
    1.202368,
    1.582117,
    1.618969,
    1.359075,
    1.286873,
    0.227981,
    0.667982,
    1.487943,
    1.318982,
    1.429479,
    0.536982,
    0.949729,
    1.519765,
    1.6346,
    1.451996,
    1.37142,
    0.567883,
    1.218227,
    0.352982,
    1.396002,
    0.810982,
    0.413116,
    1.465684,
    1.618933,
    1.773333,
    1.605019,
    0.750982,
    1.746794,
    1.436235,
    1.616343,
    0.730981,
    1.937532,
    1.491868,
    1.500417,
    1.612191,
    0.485982,
    0.932275,
    1.500084,
    1.713477,
    0.714115,
    1.293444,
    1.328174,
    1.512512,
    1.579395,
    1.40607,
    0.883982,
    0.585142,
    1.774645,
    1.566189
  ],
  "5242880": [
    1.952982,
    1.1824,
    1.438188,
    0.638982,
    0.688576,
    0.671379,
    1.217899,
    1.373294,
    0.398982,
    2.016007,
    1.406144,
    1.437937,
    1.670152,
    0.679982,
    1.345287,
    1.329802,
    1.659228,
    0.881259,
    1.500985,
    1.415725,
    1.193088,
    0.324982
  ],