{
  "1048576": [
    3.44014,
    5.317982,
    6.918105,
    8.559982,
    2.601981,
    3.101456,
    2.272985,
    6.540599,
    3.264994,
    1.40498,
    4.059047,
    4.573982,
    5.513982,
    4.471982,
    2.248109,
    14.705982,
    11.291494,
    8.537193,
    4.403982,
    1.171151,
    2.683002,
    4.29424,
    14.928996,
    4.754045,
    3.98298,
    2.549981,
    10.571982,
    3.34398,
    1.845985,
    5.062657,
    0.928663,
    14.846981,
    14.703734,
    5.840981,
    1.772013,
    1.51498,
    5.584757,
    3.672996,
    6.846982,
    3.232839,
    1.16898,
    5.188982,
    4.345561,
    11.438982,
    5.076985,
    14.963982,
    8.197058,
    11.213985,
    4.9982,
    4.046802,
    7.190982,
    2.568993,
    3.177017,
    4.470981,
    6.672014,
    5.842849,
    6.850586
  ],
  "51200": [
    1.577982,
    1.703047,
    1.992235,
    1.487022,
    2.072794,
    1.983501,
    0.688044,
    1.628046,
    2.269762,
    2.375982,
    1.68015,
    2.169251,
    1.073842,
    1.944535,
    2.199566,
    1.658118,
    1.410794,
    1.433109,
    1.302054,
    3.193019,
    1.529949,
    1.161339,
    2.153824,
    1.617986,
    0.626408,
    2.437774,
    1.744687,
    1.654199,
    0.963987,
    1.952247,
    1.514619,
    1.210189,
    2.257793,
    2.674912,
    1.682093,
    2.200576,
    2.40639,
    2.706987,
    2.272777,
    1.405265,
    2.581191,
    2.651986,
    0.74961,
    0.599007,
    2.116049,
    2.802147,
    1.893758,
    1.768819,
    2.461474,
    2.912982,
    1.895989,
    2.157783,
    0.459041,
    1.419067,
    0.406749,
    1.790338,
    2.893591,
    1.565982,
    1.863532,
    0.736369,
    2.036966,
    0.566309,
    1.512771,
    1.974982,
    1.961986,
    3.341258,
    0.830893,
    0.503859,
    2.238589,
    2.652042,
    3.315013,
    1.549468,
    0.974339,
    0.666987,
    1.345375,
    2.660413,
    1.643609,
    0.503016,
    1.7219,
    1.884014,
    2.184039,
    1.575447,
    0.726761,
    2.440948,
    2.083567,
    1.802982,
    1.57014,
    2.687173,
    1.980311,
    1.892828,
    1.312724,
    0.745698,
    1.42699,
    2.243238,
    2.682066,
    1.834982,
    1.686576,
    1.943986,
    1.435138,
    1.767982,
    1.737039,
    2.650379,
    1.672982,
    1.109678,
    2.154434,
    1.068982,
    1.524936,
    2.255299,
    2.450584,
    1.022247,
    2.164986,
    1.786663,
    1.429016,
    2.309039,
    1.409094,
    1.329384,
    1.551857,
    3.241986,
    1.118297,
    3.14915,
    1.728162,
    1.526036,
    1.615986,
    0.55427,
    2.756987,
    2.648273,
    1.722886,
    3.345146,
    2.572854,
    1.797483,
    2.767982,
    2.805617,
    2.594135,
    1.230286,
    2.520862,
    1.911918,
    0.43846,
    1.939678,
    2.233982,
    1.771116,
    1.622936,
    0.655308,
    1.619525,
    2.053992,
    3.213899,
    1.827868,
    1.283982,
    2.289545,
    2.217933,
    1.122231,
    1.03303,
    1.42513,
    1.954665,
    1.973161,
    0.320515,
    1.498522,
    1.819018,
    1.404982,
    1.931376,
    1.479049,
    0.952752,
    3.188142,
    1.730001,
    1.268159,
    1.907422,
    3.216982,
    1.647861,
    1.888519,
    0.799975,
    2.080016,
    1.988973,
    2.398982,
    2.289501,
    1.062012,
    0.663153,
    3.172673,
    2.443982,
    1.76111,
    0.631401,
    1.678992,
    2.817986,
    2.220201,
    2.41066,
    2.379997,
    0.698876,
    2.119779,
    0.491939,
    1.443986,
    2.066949,
    1.422986,
    1.642006,
    0.614571,
    2.622896,
    1.824597,
    2.25647,
    0.959352,
    1.003979,
    2.485397,
    2.92786,
    2.192596,
    3.965982,
    2.557479,
    2.273982,
    2.669982,
    2.358423,
    1.647839,
    3.021284,
    3.337017,
    0.650781,
    1.760982,
    1.612982,
    0.838673,
    1.332991,
    1.332183,
    1.445568,
    2.008089,
    1.526341,
    3.178987,
    2.173755,
    1.437224,
    1.975863,
    2.494204,
    2.666637,
    1.806465,
    0.556791,
    2.013492,
    2.392982,
    2.246982,
    1.676997,
    2.210987,
    0.294276,
    1.902186,
    1.520365,
    1.832679,
    1.66406,
    3.255165,
    3.278982,
    1.932479,
    2.260531,
    2.324616,
    0.992239,
    2.378982,
    0.732797,
    2.086987,
    0.756564,
    0.162656,
    1.338101,
    1.850412,
    1.633023,
    2.385435,
    3.159175,
    2.192982,
    1.672252,
    0.398904,
    1.4436,
    2.428933,
    1.680706,
    2.094677,
    1.342982,
    1.933828,
    2.302986,
    2.402156,
    2.228687,
    1.960725,
    0.950444,
    1.505214,
    0.714523,
    2.061223,
    1.478271,
    0.898624,
    1.818918,
    2.135558,
    2.746138,
    2.402985,
    1.113334,
    2.546888,
    1.813576,
    2.285149,
    1.150127,
    2.605512,
    1.779078,
    1.892279,
    2.174981,
    0.862987,
    1.635449,
    1.905982,
    2.18147,
    1.178923,
    1.479725,
    1.56757,
    2.042992,
    2.355982,
    2.040604,
    1.710982,
    1.301551,
    3.322421,
    2.410194
  ],
  "5242880": [
    23.496982,
    14.2034,
    17.233987,
    7.11898,
    9.159984,
    7.865547,
    8.856801,
    19.218284,
    5.255985,
    41.470986,
    10.53398,
    11.986987,
    17.724985,
    7.443984,
    8.505984,
    9.283884,
    32.766985,
    12.474981,
    14.371986,
    9.953273,
    5.272983,
    4.785004
  ],