{
  "1048576": [
    0.35907,
    0.527143,
    0.472,
    0.272,
    0.358,
    0.653,
    0.671,
    0.548465,
    0.967946,
    0.791,
    0.825642,
    0.931781,
    0.355387,
    0.591889,
    0.470266,
    0.428,
    0.609606,
    0.407,
    0.541847,
    0.883,
    0.770064,
    0.47259,
    0.305004,
    0.755,
    0.544303,
    0.508,
    0.730241,
    1.274,
    0.737,
    0.223932,
    0.349,
    0.616,
    0.518713,
    0.406,
    0.301103,
    0.367,
    0.261,
    1.114,
    0.500187,
    0.228,
    0.334,
    0.777,
    0.851111,
    0.303,
    0.285135,
    0.704,
    0.807,
    1.009,
    0.259,
    0.329816,
    0.348,
    0.541283
  ],
  "51200": [
    0.763159,
    0.594,
    0.245,
    0.804907,
    0.835889,
    0.663,
    0.398653,
    0.765554,
    1.333,
    0.771,
    1.138,
    0.673057,
    0.762384,
    0.589,
    0.765,
    0.506902,
    0.625,
    0.605415,
    0.679,
    0.599,
    0.447,
    0.741741,
    0.256236,
    0.523,
    1.213296,
    0.621885,
    0.863714,
    0.75,
    0.540725,
    0.712275,
    0.417736,
    0.711,
    1.094,
    0.236796,
    0.692,
    0.223491,
    0.848,
    0.30947,
    0.463,
    1.373324,
    0.60428,
    0.849327,
    0.442,
    0.33,
    0.318017,
    0.565,
    0.593,
    0.564,
    0.428672,
    0.916,
    0.556018,
    0.847,
    0.989,
    0.432707,
    0.589,
    0.642794,
    0.992,
    0.307889,
    0.711903,
    0.253,
    0.585062,
    0.64528,
    0.376,
    0.578,
    0.110516,
    0.226685,
    0.188,
    0.263252,
    0.341,
    0.209,
    1.157115,
    0.724374,
    0.376,
    0.547,
    0.939886,
    1.186,
    0.734239,
    0.458,
    0.621,
    0.300143,
    0.504,
    0.703,
    0.805881,
    0.382,
    0.269,
    0.769,
    0.56,
    0.721,
    0.738,
    0.406,
    0.534,
    0.528489,
    0.538529,
    0.683,
    0.606593,
    0.199621,
    0.636,
    0.564007,
    0.269035,
    0.556604,
    0.694,
    0.361,
    0.9751,
    0.544897,
    0.842154,
    0.534,
    0.373,
    0.740174,
    0.576441,
    0.984009,
    0.528,
    0.718,
    0.595,
    0.797149,
    0.422,
    0.734712,
    0.696,
    1.283,
    0.585,
    0.334,
    0.287,
    0.223517,
    0.340136,
    0.783095,
    0.294876,
    1.046,
    0.856413,
    1.15582,
    0.658,
    0.387577,
    0.836929,
    0.782,
    0.424,
    0.864,
    0.837,
    0.679,
    0.505561,
    0.562348,
    0.693,
    0.345952,
    0.123341,
    0.303,
    0.65812,
    0.681376,
    0.403419,
    0.379295,
    0.791418,
    0.427,
    0.631558,
    0.67254,
    0.574,
    0.781,
    0.650725,
    1.054807,
    0.666639,
    0.367,
    0.570343,
    1.022,
    0.760708,
    0.781096,
    0.886411,
    0.773,
    0.416,
    0.289176,
    0.391394,
    0.168,
    0.634,
    0.713,
    0.771865,
    0.857,
    0.496,
    0.479762,
    0.603,
    0.564318,
    0.683,
    0.73,
    0.511,
    1.014,
    0.343785,
    0.478,
    0.528,
    0.735,
    0.410196,
    0.793,
    0.616,
    0.465,
    0.465929,
    0.526969,
    0.789632,
    0.645,
    0.344,
    0.161,
    0.473772,
    1.083,
    0.656696,
    0.389,
    0.544,
    1.264,
    0.483384,
    0.947522,
    0.490955,
    0.954837,
    0.588864,
    0.699422,
    0.480378,
    0.623223,
    0.716,
    0.577227,
    0.382097,
    0.549364,
    0.473,
    0.369561,
    0.512,
    0.794641,
    0.733,
    0.211162,
    0.698,
    0.526,
    0.541069,
    1.05,
    0.589,
    0.526,
    0.874141,
    0.528862,
    0.490001,
    0.937,
    0.763,
    1.136219,
    0.706903,
    0.380092,
    0.721,
    1.077,
    0.559,
    0.440783,
    0.851627,
    0.253572,
    0.408,
    0.909,
    0.53239,
    0.403,
    0.501307,
    0.591103,
    0.447,
    0.666,
    0.471,
    0.511,
    0.804,
    0.781413,
    0.59,
    0.700716,
    0.273,
    0.29,
    0.598369,
    0.470777,
    0.585,
    0.519,
    1.019,
    0.23,
    0.270757,
    0.643364,
    0.764441,
    0.695,
    1.126587,
    0.856229,
    0.318546,
    0.649369,
    0.646,
    0.416,
    0.404,
    0.409,
    0.573,
    0.891,
    0.468,
    0.539,
    0.478564,
    1.085305,
    0.572,
    0.871,
    1.309,
    0.766198,
    0.922787,
    0.812,
    0.7,
    0.750228,
    0.843,
    0.56834,
    1.023,
    0.602146,
    0.766,
    0.849,
    0.312897,
    0.815,
    0.56956,
    1.162,
    1.206323,
    0.7
  ],
  "5242880": [
    1.056742,
    0.685302,
    0.606431,
    0.530653,
    0.641,
    0.690086,
    0.581673,
    0.342,
    0.488,
    0.763,
    0.662897,
    1.17,
    0.416226,
    0.51994,
    0.736,
    0.536672,
    0.542,
    0.69,
    0.350439,
    0.363332,
    0.588,
    0.476,
    0.432,
    1.335,
    1.222765,
    0.834988
  ],