{
  "1048576": [
    1.532494,
    2.718143,
    2.843089,
    1.247,
    1.465,
    2.664,
    2.744,
    2.305465,
    4.031,
    3.568,
    3.397642,
    3.839428,
    1.503,
    2.681765,
    2.643266,
    1.952,
    2.682113,
    2.343,
    3.154847,
    3.872,
    3.119064,
    2.00359,
    1.456004,
    3.112,
    2.261303,
    2.32,
    3.150167,
    5.254,
    3.065,
    1.036311,
    1.478,
    2.525103,
    2.236852,
    1.832,
    1.315,
    1.772608,
    1.12,
    4.793,
    2.403193,
    1.021,
    1.414,
    3.466,
    3.733439,
    1.643,
    1.375135,
    3.001,
    3.333,
    4.335,
    1.334012,
    1.416,
    1.47,
    2.432142
  ],
  "51200": [
    1.777225,
    1.209,
    0.424156,
    1.588678,
    1.958754,
    1.434014,
    0.803,
    1.839066,
    2.867,
    1.402924,
    2.68,
    1.149628,
    1.366,
    0.969624,
    1.317,
    0.885135,
    1.24374,
    1.103844,
    1.469526,
    1.387228,
    1.044043,
    1.642238,
    0.65052,
    1.317,
    2.736536,
    1.133829,
    1.636752,
    1.394,
    1.022958,
    1.434275,
    0.607816,
    1.523051,
    2.618103,
    0.344738,
    1.471316,
    0.431381,
    1.977,
    0.690589,
    0.780224,
    2.911383,
    1.457,
    1.820363,
    0.859,
    0.796,
    0.573017,
    0.987903,
    1.457063,
    1.035501,
    1.014732,
    1.519,
    1.063304,
    1.620782,
    1.814,
    0.683383,
    1.178476,
    1.150768,
    1.81387,
    0.535889,
    1.497849,
    0.42921,
    1.111903,
    1.088551,
    0.817,
    1.036376,
    0.185594,
    0.395008,
    0.273,
    0.473273,
    0.712111,
    0.378763,
    2.694,
    1.336374,
    0.675282,
    0.857496,
    2.01762,
    2.728,
    1.449311,
    0.839,
    1.088,
    0.417143,
    0.967444,
    1.484103,
    1.918,
    0.792184,
    0.534,
    1.806825,
    0.988103,
    1.314508,
    1.526124,
    0.657802,
    1.052103,
    0.942788,
    0.808383,
    1.502103,
    1.023068,
    0.303997,
    1.236372,
    1.222007,
    0.478073,
    1.277007,
    1.481306,
    0.669,
    2.004315,
    1.382897,
    1.514445,
    1.198016,
    0.597958,
    1.37862,
    1.03631,
    1.769175,
    0.913026,
    1.18462,
    1.049325,
    1.408703,
    0.703,
    1.298,
    1.311541,
    2.824,
    1.007,
    0.722097,
    0.453272,
    0.368104,
    0.516,
    1.565095,
    0.572647,
    2.585124,
    1.704422,
    2.699,
    1.280341,
    0.744956,
    1.697231,
    1.579425,
    0.64363,
    1.644545,
    1.616124,
    1.389522,
    0.946,
    0.872348,
    1.17312,
    0.732,
    0.171876,
    0.520419,
    1.411,
    1.482787,
    0.942495,
    0.955,
    1.568309,
    0.883,
    1.471142,
    1.204483,
    1.14,
    1.555206,
    1.429847,
    2.586245,
    1.48074,
    0.763543,
    1.399529,
    2.556998,
    1.38594,
    1.362759,
    1.667024,
    1.847699,
    0.859,
    0.459798,
    0.840759,
    0.245,
    1.197736,
    1.496603,
    1.752,
    1.899,
    0.962227,
    0.855126,
    1.223,
    1.193445,
    1.46296,
    1.500434,
    1.129432,
    2.533903,
    0.732532,
    0.946,
    0.954411,
    1.355,
    0.716196,
    1.576211,
    1.233444,
    0.888987,
    0.800929,
    0.93225,
    1.625007,
    1.18562,
    0.634,
    0.246046,
    1.09398,
    2.615869,
    1.48707,
    0.771592,
    1.344428,
    2.816206,
    0.817328,
    1.725171,
    0.942431,
    1.741,
    1.228508,
    1.23,
    0.906378,
    1.14017,
    1.329995,
    0.828227,
    0.653845,
    1.082767,
    0.865,
    0.676561,
    0.912653,
    1.685551,
    1.478782,
    0.345102,
    1.481,
    1.192,
    0.898924,
    2.578103,
    1.400309,
    0.973,
    1.539671,
    0.909806,
    1.021151,
    1.726,
    1.481,
    2.666713,
    1.321344,
    0.656405,
    1.44,
    2.07949,
    1.251,
    0.819701,
    1.617441,
    0.335572,
    0.675564,
    2.052,
    0.876151,
    0.661403,
    0.97734,
    0.961304,
    0.985,
    1.117,
    0.774175,
    1.073408,
    1.318,
    1.281484,
    0.95531,
    1.170734,
    0.534692,
    0.472,
    1.377751,
    0.742199,
    1.371,
    1.268,
    2.560323,
    0.405216,
    0.453934,
    1.414284,
    1.887962,
    1.112477,
    2.670733,
    1.667229,
    0.707656,
    1.279937,
    1.232136,
    0.587,
    0.637878,
    0.822257,
    1.451461,
    1.645289,
    0.572,
    1.231968,
    0.687376,
    2.217995,
    0.905,
    1.646908,
    2.814417,
    1.341198,
    1.761569,
    1.437282,
    1.186103,
    1.163204,
    1.519609,
    0.95734,
    1.794111,
    1.115,
    1.271,
    1.640764,
    0.386,
    1.606,
    1.094249,
    2.002,
    2.739323,
    1.515111
  ],
  "5242880": [
    9.551742,
    9.806302,
    9.558143,
    8.178351,
    8.392,
    8.408086,
    5.917673,
    6.099,
    5.479,
    9.864,
    10.605897,
    11.593,
    4.098,
    5.10694,
    11.594,
    9.733672,
    9.375,
    12.11,
    5.508,
    5.905332,
    9.288,
    5.892,
    7.576,
    15.384,
    12.941,
    10.866
  ],