{
  "1048576": [
    0.290554,
    0.264,
    1.227,
    0.215,
    0.595,
    0.708442,
    0.675,
    0.371232,
    0.653408,
    0.284,
    0.521806,
    0.906,
    0.607183,
    0.707,
    0.25799,
    0.469249,
    0.362682,
    0.159756,
    0.351,
    0.722154,
    0.556,
    0.648608,
    0.582,
    1.04,
    0.161667,
    0.427,
    0.41,
    0.863888,
    0.636566,
    1.384559,
    0.552584,
    0.654,
    0.647,
    0.706,
    0.676,
    0.551103,
    0.848238,
    0.536,
    0.539417,
    0.633869,
    0.413,
    0.712,
    0.387306,
    1.115103,
    0.710221,
    0.505625,
    0.49,
    0.644,
    0.746546,
    0.676,
    0.273088,
    0.333103,
    0.624,
    1.031,
    0.531,
    1.161,
    0.551,
    0.351309,
    0.442,
    0.468,
    0.358
  ],
  "51200": [
    0.214,
    0.243656,
    0.619,
    0.491,
    1.027,
    0.659,
    0.572897,
    0.47,
    0.854176,
    0.65,
    1.110593,
    0.687,
    0.576946,
    0.875326,
    0.562794,
    0.890021,
    0.788,
    0.569,
    0.555191,
    0.723,
    0.42,
    1.07605,
    0.414318,
    0.631889,
    0.746,
    0.307249,
    0.655,
    1.23902,
    0.48812,
    0.748,
    0.489,
    0.246,
    0.189256,
    0.671763,
    0.752889,
    0.588153,
    0.728,
    0.544235,
    0.139,
    1.090149,
    1.000537,
    1.049887,
    0.486,
    0.694,
    0.738,
    0.608201,
    0.812288,
    0.687889,
    1.015627,
    1.230934,
    0.782,
    0.765316,
    0.267541,
    0.245,
    0.274,
    0.514561,
    0.400905,
    0.413555,
    0.531206,
    0.752206,
    0.122,
    0.681687,
    0.550774,
    0.651786,
    0.44,
    0.273,
    0.348,
    1.004483,
    0.331454,
    0.698,
    0.361226,
    0.596465,
    0.4117,
    0.776,
    0.846,
    0.666,
    0.612996,
    0.639684,
    0.611718,
    0.614,
    0.851,
    0.506,
    0.591093,
    1.115,
    0.528,
    1.252514,
    0.676,
    0.418,
    0.317787,
    0.552663,
    0.788,
    0.968,
    0.710392,
    0.633378,
    0.516897,
    0.59577,
    0.514,
    0.34608,
    0.832,
    0.458897,
    0.293085,
    0.382,
    0.514,
    0.884209,
    0.909,
    0.606,
    0.884,
    0.534194,
    0.906,
    0.578,
    0.37873,
    0.381,
    0.414329,
    0.362887,
    0.972684,
    0.561996,
    1.254573,
    0.823,
    0.451976,
    0.222,
    0.88,
    0.855376,
    0.368,
    0.339543,
    0.535843,
    0.536,
    0.235373,
    0.396289,
    0.315,
    0.536,
    1.112,
    0.811607,
    0.797129,
    0.751,
    0.305129,
    0.836336,
    0.442092,
    0.471093,
    0.773,
    0.701,
    0.68141,
    0.626806,
    0.229131,
    0.820686,
    0.275,
    0.394,
    0.673,
    0.520319,
    0.236381,
    0.215171,
    0.523565,
    0.499472,
    0.28344,
    1.008544,
    1.436,
    0.334501,
    0.453579,
    0.524,
    0.692,
    0.671,
    0.508,
    0.425,
    0.466305,
    0.344,
    0.789,
    0.342518,
    0.219257,
    0.455769,
    0.306,
    0.196714,
    0.500296,
    0.666876,
    0.352,
    0.374,
    0.507461,
    0.288694,
    0.572533,
    0.833,
    0.878,
    0.36965,
    0.544017,
    0.562,
    0.2982,
    0.7514,
    0.827923,
    0.985,
    0.527514,
    0.422,
    0.485,
    0.702,
    1.115335,
    0.576568,
    0.326566,
    0.535,
    0.628657,
    0.383,
    0.549284,
    0.713748,
    0.634,
    0.497039,
    0.882,
    0.585976,
    0.763,
    1.218,
    0.858,
    0.653,
    0.717,
    0.304,
    0.98752,
    0.610072,
    0.647,
    0.76405,
    0.509084,
    0.692,
    1.056106,
    0.129103,
    0.63,
    0.17317,
    0.664051,
    0.877591,
    0.364,
    0.348,
    0.348339,
    0.698,
    1.189238,
    0.752,
    0.819,
    0.468539,
    1.076,
    1.242,
    0.505,
    0.597,
    0.433,
    0.728,
    0.493,
    0.781,
    0.936,
    0.441461,
    0.710273,
    0.933097,
    0.644162,
    0.335701,
    0.718,
    0.375,
    0.79426,
    0.621137,
    0.584,
    1.244,
    0.859958,
    0.46,
    0.537587,
    0.931308,
    1.09099,
    0.508979,
    0.482947,
    1.325662,
    0.684215,
    0.972279,
    0.691,
    0.817,
    0.357431,
    0.235,
    0.29,
    0.467,
    0.284586,
    0.276,
    0.219897,
    0.287,
    0.595,
    0.767,
    0.351,
    0.804,
    0.482,
    0.346446,
    0.348,
    0.296,
    0.242141,
    0.216,
    0.660821,
    0.216,
    0.749,
    0.523,
    0.334,
    0.544,
    0.813,
    0.98192,
    1.063,
    0.952,
    0.853,
    0.89,
    0.409,
    0.517897,
    0.849,
    0.597,
    0.73,
    0.496815,
    0.448,
    0.853,
    0.706
  ],
  "5242880": [
    1.225,
    0.548634,
    0.641129,
    0.624671,
    1.311,
    0.639294,
    0.265091,
    0.519,
    0.637897,
    0.818567,
    0.527,
    0.983,
    0.526623,
    0.664
  ],