{
  "1048576": [
    3.385242,
    4.965649,
    3.353,
    2.233,
    1.115,
    3.262,
    3.373175,
    1.794,
    1.098,
    3.357,
    2.962,
    4.547453,
    3.305866,
    3.842,
    4.553,
    2.157754,
    2.562,
    3.208279,
    3.225351,
    3.436644,
    3.514,
    1.519,
    3.196566,
    3.855897,
    1.236,
    1.827,
    1.539889,
    1.827,
    2.098,
    2.839298,
    2.883,
    3.394,
    2.987565,
    3.133783,
    3.671716,
    6.497,
    2.53738,
    3.792,
    2.8,
    1.022654,
    2.535,
    2.036,
    4.275,
    2.828492,
    2.279,
    0.849,
    4.442,
    2.471,
    2.861
  ],
  "51200": [
    0.836475,
    0.305029,
    0.476845,
    0.489355,
    1.920111,
    2.587,
    1.618257,
    0.69,
    1.359474,
    2.886,
    1.566541,
    1.609131,
    1.057704,
    1.303,
    1.659697,
    0.947268,
    1.365296,
    1.802853,
    0.69338,
    1.214103,
    0.61285,
    0.243413,
    0.73845,
    1.959769,
    0.668778,
    0.764488,
    0.962078,
    1.348828,
    1.452347,
    0.967977,
    2.025057,
    2.717786,
    1.956,
    0.837,
    0.203705,
    1.195627,
    1.4468,
    1.387071,
    0.94865,
    0.905287,
    1.259346,
    2.608804,
    1.124664,
    0.945553,
    1.203988,
    1.239111,
    2.098518,
    2.178085,
    0.666863,
    2.137,
    1.597,
    2.882474,
    0.827689,
    0.875915,
    1.667,
    1.023,
    1.642,
    1.123253,
    1.333099,
    1.597406,
    0.918,
    0.483,
    0.56127,
    1.978518,
    0.777,
    0.828694,
    1.385298,
    2.033,
    0.97382,
    1.423188,
    0.568,
    2.076,
    1.432185,
    0.755,
    0.928797,
    0.963438,
    0.455156,
    1.399332,
    0.632647,
    0.752,
    1.228343,
    2.697897,
    0.937376,
    0.6922,
    0.443646,
    0.591223,
    1.298103,
    1.411474,
    1.013,
    0.768186,
    0.966703,
    1.428738,
    1.38,
    0.665808,
    1.233,
    1.408,
    2.080426,
    1.789538,
    1.94766,
    1.95008,
    1.552,
    1.830852,
    1.205,
    0.866197,
    1.418,
    0.548814,
    1.412,
    1.456,
    1.106,
    2.072515,
    0.882,
    1.491,
    0.938191,
    1.119968,
    2.157123,
    2.120063,
    1.02,
    2.767222,
    1.36589,
    0.681506,
    1.259,
    1.200375,
    2.763,
    0.93778,
    1.499361,
    0.764,
    0.683746,
    1.204308,
    1.179601,
    1.465224,
    1.905111,
    0.83142,
    1.46277,
    1.7811,
    1.150233,
    1.265509,
    1.183206,
    1.356763,
    1.208,
    0.738494,
    0.805818,
    1.023555,
    1.327052,
    1.330788,
    1.628825,
    1.639,
    1.326202,
    1.106159,
    1.193111,
    0.738131,
    0.247123,
    0.489747,
    0.451236,
    0.695508,
    1.751652,
    2.551168,
    1.331864,
    1.164341,
    0.560327,
    0.383,
    1.054443,
    0.827903,
    0.82272,
    2.725304,
    0.962,
    2.557034,
    0.253,
    1.2623,
    1.151776,
    0.986,
    0.604032,
    1.343,
    0.829143,
    0.269863,
    0.306862,
    1.484373,
    1.456903,
    2.02789,
    0.889667,
    1.145883,
    0.572,
    1.159534,
    1.445903,
    1.528,
    0.983073,
    0.549637,
    0.725889,
    1.573,
    2.738316,
    0.78648,
    0.665492,
    0.924248,
    0.718794,
    2.13937,
    0.887142,
    0.729111,
    0.69419,
    0.732,
    0.408847,
    0.502,
    0.913924,
    1.522101,
    2.555061,
    0.862042,
    0.842421,
    1.624,
    2.187611,
    1.036423,
    1.680182,
    1.014886,
    1.339235,
    1.327095,
    1.579473,
    2.681676,
    0.803612,
    0.839689,
    2.594334,
    0.279806,
    0.41632,
    1.456189,
    1.956437,
    0.759011,
    0.542124,
    1.492043,
    0.950157,
    1.343918,
    0.88876,
    1.074408,
    1.362216,
    1.706909,
    1.700454,
    1.930103,
    1.602689,
    0.917428,
    1.107,
    1.54967,
    1.561,
    0.802124,
    0.65547,
    2.667864,
    1.532479,
    1.539219,
    1.576351,
    0.623865,
    1.858141,
    2.660336,
    0.741536,
    1.498111,
    1.081243,
    1.105249,
    0.687,
    1.175709,
    2.176657,
    1.799737,
    2.809103,
    1.195068,
    2.704,
    1.493238,
    1.067844,
    1.442,
    0.995346,
    0.871069,
    0.227838,
    0.384,
    1.277058,
    0.556539,
    1.384016,
    0.686715,
    0.714006,
    1.677111,
    0.956211,
    1.8501,
    1.161861,
    0.320043,
    0.416334,
    1.440865,
    1.03809,
    0.772482,
    0.779241,
    0.901,
    1.308017,
    1.072374,
    1.174737,
    1.346142,
    0.924843,
    1.84253,
    1.162421,
    2.809647,
    1.201,
    1.073682,
    0.837536,
    1.632966,
    1.052815,
    0.892448,
    0.956973,
    1.592629,
    0.962,
    0.774,
    0.551403,
    0.764,
    1.596428,
    2.135592,
    0.983,
    1.609369,
    0.947526,
    1.098682
  ],
  "5242880": [
    9.277,
    9.185,
    4.808,
    7.948761,
    8.725265,
    4.456,
    6.947,
    4.573,
    7.630918,
    6.005,
    10.448,
    10.368,
    9.73375,
    15.708,
    5.558657,
    3.156,
    24.551,
    10.699,
    12.386
  ],