{
  "1048576": [
    0.644366,
    1.219249,
    0.787,
    0.47,
    0.253,
    0.795,
    0.801089,
    0.437,
    0.226,
    0.806,
    0.547745,
    1.103,
    0.800866,
    0.917,
    1.098,
    0.489,
    0.599,
    0.73,
    0.757063,
    0.786644,
    0.786,
    0.331,
    0.699469,
    0.94,
    0.301,
    0.429,
    0.371889,
    0.43387,
    0.486,
    0.682298,
    0.648,
    0.809121,
    0.644709,
    0.674783,
    0.745716,
    0.997,
    0.60164,
    0.933396,
    0.678511,
    0.228,
    0.6,
    0.451,
    1.039256,
    0.580492,
    0.553,
    0.193,
    1.063,
    0.521,
    0.512
  ],
  "51200": [
    0.431778,
    0.192,
    0.264889,
    0.268721,
    0.839,
    1.045,
    0.812888,
    0.317,
    0.541236,
    1.338,
    0.787541,
    0.828043,
    0.53,
    0.638,
    0.972548,
    0.525488,
    0.745057,
    1.014,
    0.315,
    0.586658,
    0.396081,
    0.16,
    0.519,
    0.847574,
    0.302,
    0.476012,
    0.501416,
    0.728102,
    0.786554,
    0.49,
    0.942057,
    1.174682,
    1.097,
    0.422,
    0.156122,
    0.58,
    0.6678,
    0.585488,
    0.43,
    0.487,
    0.627124,
    1.077132,
    0.441,
    0.504,
    0.583,
    0.624,
    1.127,
    1.052,
    0.321591,
    1.057224,
    0.794,
    1.35074,
    0.333281,
    0.483403,
    0.873,
    0.459,
    0.873,
    0.636319,
    0.621519,
    0.789,
    0.463,
    0.319,
    0.346,
    0.848,
    0.412,
    0.547113,
    0.575,
    0.991298,
    0.468,
    0.658,
    0.294,
    0.946466,
    0.651,
    0.348,
    0.460531,
    0.49775,
    0.292876,
    0.776,
    0.411987,
    0.465,
    0.612,
    1.175897,
    0.524298,
    0.326905,
    0.357,
    0.398223,
    0.645,
    0.64,
    0.383,
    0.454,
    0.594854,
    0.622,
    0.749,
    0.492808,
    0.643,
    0.756,
    0.972,
    0.852,
    0.977,
    0.914,
    0.749,
    0.8,
    0.584,
    0.482576,
    0.656,
    0.293,
    0.695,
    0.674,
    0.591,
    1.071,
    0.498,
    0.874,
    0.554,
    0.701,
    1.179,
    1.099,
    0.524,
    1.216777,
    0.851536,
    0.511,
    0.590911,
    0.705129,
    1.231,
    0.578,
    0.74,
    0.342,
    0.375746,
    0.586,
    0.657112,
    0.693654,
    0.83,
    0.42042,
    0.58477,
    0.859366,
    0.622895,
    0.651,
    0.668,
    0.712,
    0.581,
    0.3736,
    0.438,
    0.546417,
    0.711,
    0.719965,
    0.848,
    0.841,
    0.855614,
    0.742159,
    0.714111,
    0.352,
    0.141968,
    0.284416,
    0.278688,
    0.33,
    0.607652,
    1.025,
    0.652036,
    0.540228,
    0.32043,
    0.212,
    0.432615,
    0.401,
    0.478104,
    1.191686,
    0.504,
    1.023322,
    0.173124,
    0.644,
    0.547,
    0.47,
    0.294,
    0.533,
    0.410178,
    0.182961,
    0.18,
    0.689286,
    0.681,
    0.899198,
    0.534695,
    0.657,
    0.348409,
    0.548375,
    0.657572,
    0.751,
    0.389097,
    0.277,
    0.351889,
    0.747,
    1.204632,
    0.359,
    0.348,
    0.613,
    0.389,
    1.012828,
    0.508,
    0.437,
    0.32,
    0.434,
    0.237,
    0.282,
    0.534597,
    0.734,
    1.026097,
    0.484,
    0.459478,
    0.841438,
    1.058,
    0.743804,
    0.853182,
    0.529587,
    0.724221,
    0.704,
    0.797447,
    1.142074,
    0.44,
    0.448,
    1.046,
    0.159,
    0.266,
    0.690286,
    0.835209,
    0.338,
    0.284,
    0.653,
    0.472008,
    0.799,
    0.478,
    0.49268,
    0.725,
    0.92793,
    0.919351,
    0.998,
    0.791,
    0.496,
    0.595,
    0.77,
    0.75557,
    0.429,
    0.39938,
    1.107525,
    0.747628,
    0.770974,
    0.817,
    0.348,
    0.838985,
    1.119,
    0.371536,
    0.609,
    0.689,
    0.599446,
    0.508,
    0.569709,
    1.105,
    0.943682,
    1.266,
    0.731624,
    1.172,
    0.707238,
    0.434446,
    0.667252,
    0.529749,
    0.517346,
    0.143838,
    0.19735,
    0.690783,
    0.29982,
    0.685016,
    0.342,
    0.372,
    0.731,
    0.493,
    0.861817,
    0.552531,
    0.194,
    0.244,
    0.653,
    0.42209,
    0.375,
    0.482569,
    0.424,
    0.748479,
    0.641889,
    0.532817,
    0.782142,
    0.481543,
    0.932,
    0.598717,
    1.281,
    0.742,
    0.646,
    0.487,
    0.84,
    0.582715,
    0.592,
    0.57,
    0.846038,
    0.549,
    0.361134,
    0.358,
    0.448,
    0.827,
    1.013506,
    0.529,
    0.834652,
    0.527551,
    0.62469
  ],
  "5242880": [
    0.704,
    0.682838,
    0.398,
    0.475822,
    0.494265,
    0.372,
    0.306,
    0.476,
    0.653083,
    0.604,
    0.83,
    0.644,
    0.569182,
    1.165,
    0.39574,
    0.238,
    1.034,
    0.789,
    1.023
  ],