{
  "1048576": [
    1.668192,
    10.683,
    2.93,
    2.02,
    1.098,
    3.135,
    2.649,
    4.353919,
    3.002,
    2.47,
    1.217,
    2.61113,
    2.117,
    3.008,
    4.379,
    2.154897,
    3.363,
    2.883716,
    2.571,
    2.865106,
    1.52,
    2.151,
    1.640786,
    8.72,
    1.941,
    1.072097,
    3.564,
    2.73,
    3.851,
    8.686,
    4.261103,
    1.212135,
    3.15924,
    2.466,
    2.355843,
    4.495834,
    1.371,
    2.116072,
    1.35456,
    2.867198,
    5.036,
    2.168,
    2.57445,
    2.138,
    2.651,
    4.633885,
    4.947
  ],
  "51200": [
    0.623488,
    0.293972,
    0.544288,
    0.516446,
    1.289619,
    0.940974,
    1.241905,
    1.201,
    0.673,
    1.363531,
    1.501058,
    1.858,
    2.31347,
    1.526508,
    1.511,
    2.175788,
    0.37759,
    0.95,
    1.28355,
    0.609,
    1.047087,
    1.293249,
    0.731763,
    1.15,
    0.806,
    0.495649,
    1.383133,
    1.364,
    1.902033,
    1.2113,
    1.473469,
    2.370706,
    1.169541,
    2.225118,
    1.042711,
    1.23897,
    0.491033,
    0.929,
    0.598,
    1.012454,
    0.986018,
    2.192693,
    1.158459,
    1.49,
    1.52727,
    2.414328,
    0.383897,
    0.812,
    0.959717,
    1.269763,
    1.361025,
    1.19039,
    1.605167,
    2.093938,
    0.889974,
    1.605796,
    0.611157,
    0.715559,
    0.99,
    1.011458,
    2.473413,
    1.069253,
    1.049145,
    0.245,
    0.428365,
    1.682076,
    1.475206,
    0.449874,
    0.585885,
    0.823,
    0.820656,
    0.794009,
    1.335,
    0.54532,
    1.87671,
    0.741903,
    2.188058,
    0.971,
    1.08938,
    1.015103,
    0.589903,
    0.447198,
    0.954228,
    2.232858,
    0.637943,
    1.014361,
    1.31096,
    0.683518,
    1.186,
    0.648,
    1.930399,
    0.788,
    0.650319,
    1.0286,
    0.969111,
    1.005023,
    1.237255,
    0.408072,
    0.906539,
    0.584111,
    1.235318,
    2.35486,
    1.231354,
    2.381845,
    0.658,
    1.471111,
    1.228531,
    1.022273,
    0.869014,
    1.052112,
    0.837897,
    0.647152,
    1.109173,
    0.727,
    1.745103,
    2.425222,
    1.428061,
    1.491261,
    1.475034,
    0.612,
    0.28593,
    0.42292,
    1.349,
    2.195246,
    1.126566,
    0.797,
    1.458103,
    0.591526,
    1.166976,
    1.367087,
    1.377111,
    1.001894,
    1.932808,
    0.674097,
    1.149093,
    0.846681,
    0.660843,
    1.276912,
    0.768602,
    1.07834,
    0.932363,
    1.55474,
    1.195519,
    1.274052,
    0.255,
    0.310111,
    0.485,
    0.39,
    0.945089,
    0.997096,
    1.388906,
    1.148903,
    1.527257,
    0.102315,
    1.218533,
    1.226,
    0.871,
    1.860942,
    1.29,
    1.565583,
    1.516424,
    1.242968,
    0.498,
    1.287136,
    0.612,
    0.668494,
    0.788586,
    1.088,
    0.624191,
    1.661037,
    1.292,
    1.335081,
    0.735777,
    1.144075,
    2.176971,
    1.072452,
    0.405,
    1.714929,
    0.495222,
    1.648924,
    0.551821,
    0.452139,
    2.177319,
    1.189511,
    0.836288,
    1.176217,
    1.216654,
    1.23,
    1.433844,
    0.84728,
    0.763774,
    1.722,
    1.167235,
    0.711439,
    0.243601,
    0.356,
    1.25,
    0.789322,
    1.31167,
    1.071,
    1.269,
    1.030509,
    1.489628,
    1.171,
    1.695,
    1.35,
    0.609232,
    0.765224,
    1.783,
    0.964097,
    0.607569,
    2.32449,
    0.852985,
    2.174716,
    0.264,
    0.314867,
    0.961187,
    1.235549,
    1.646,
    0.77712,
    1.496034,
    1.033,
    0.6987,
    0.731156,
    1.284847,
    2.436,
    1.075889,
    1.860924,
    1.337194,
    0.727115,
    1.188009,
    0.609,
    0.935991,
    1.710851,
    0.810478,
    1.423865,
    0.738718,
    0.959474,
    2.365354,
    1.135345,
    1.066,
    1.43497,
    0.44329,
    0.762042,
    2.797874,
    0.935384,
    0.85678,
    0.764897,
    1.598222,
    0.736807,
    1.802233,
    0.876544,
    1.662,
    1.03374,
    1.309371,
    1.450403,
    1.073877,
    0.366,
    0.35,
    1.47792,
    0.585142,
    0.475,
    0.786716,
    1.067294,
    0.508156,
    0.308437,
    0.389,
    0.357722,
    1.476,
    1.590626,
    2.139285,
    0.682976,
    0.700305,
    0.524181,
    0.929,
    0.618668,
    0.530431,
    1.220903,
    0.946889,
    1.113362,
    0.953454,
    1.857554,
    2.509686,
    1.8,
    1.384564,
    1.522434,
    1.501637,
    1.341,
    1.423,
    1.30816,
    1.452906,
    1.175149,
    1.46,
    2.303,
    0.428483,
    1.18739,
    1.445267,
    0.801876,
    1.816468,
    2.447354,
    0.742388,
    0.751039,
    2.664355
  ],
  "5242880": [
    14.559,
    10.461,
    6.006,
    12.86888,
    5.578,
    6.220522,
    9.897,
    9.169282,
    9.627,
    8.913,
    11.471,
    14.295,
    7.531036,
    8.93692,
    7.651876,
    5.873,
    8.475097,
    6.459,
    4.003,
    9.845247,
    10.103,
    4.228,
    7.773248,
    8.479493,
    12.436
  ],