{
  "1048576": [
    0.94,
    0.805,
    0.353103,
    0.834554,
    0.637548,
    0.154046,
    0.616,
    0.900608,
    0.478,
    0.739,
    0.599,
    0.536704,
    1.078,
    0.345,
    1.332,
    0.725206,
    0.838,
    0.935,
    1.035881,
    0.765896,
    0.74,
    0.963,
    0.427,
    0.296,
    0.358628,
    0.449737,
    0.518,
    0.587,
    0.86,
    0.308,
    0.515,
    0.764,
    0.372305,
    0.485,
    0.915369,
    0.180079,
    0.271684,
    0.300897,
    0.469,
    0.422992,
    0.499,
    0.517,
    0.446
  ],
  "51200": [
    1.010773,
    0.204897,
    0.242,
    0.242237,
    0.616695,
    0.538289,
    0.435,
    0.348,
    0.282,
    0.531,
    0.577,
    0.702,
    0.948,
    1.030189,
    0.559,
    0.903,
    1.280852,
    1.005,
    0.219579,
    0.623942,
    0.52413,
    0.190815,
    0.816,
    0.281912,
    0.324,
    0.515882,
    1.21497,
    0.414,
    0.716755,
    0.783,
    0.874,
    1.09254,
    0.569,
    0.096,
    0.247284,
    0.667,
    0.246762,
    1.048,
    0.669,
    0.744,
    0.314,
    0.243003,
    0.847,
    0.479,
    0.701,
    1.065,
    0.651,
    0.805016,
    0.446,
    0.459,
    0.938612,
    0.615107,
    0.536769,
    0.638,
    0.794693,
    0.727,
    0.369127,
    0.664,
    0.736889,
    0.706,
    0.281,
    0.389897,
    0.746009,
    0.243,
    0.572,
    1.008101,
    0.238773,
    0.324,
    0.862,
    0.857,
    0.722063,
    0.678,
    0.800612,
    0.878122,
    1.000634,
    0.487,
    0.498,
    0.513,
    0.668,
    0.4,
    0.571,
    0.275,
    0.675,
    0.466,
    0.362872,
    0.282,
    0.594,
    0.839709,
    0.502502,
    0.441,
    0.752498,
    0.596,
    1.226,
    0.676274,
    0.625465,
    0.511612,
    0.557256,
    0.623734,
    0.61712,
    0.424,
    0.327,
    0.649,
    0.372411,
    0.618,
    0.572,
    0.817,
    0.836,
    1.008184,
    0.87688,
    1.368,
    0.741,
    0.538303,
    0.802,
    0.502,
    0.813,
    0.332,
    0.574251,
    0.533305,
    0.742,
    0.231,
    0.88,
    0.570077,
    0.364632,
    0.442974,
    0.597591,
    1.13,
    0.678546,
    0.321727,
    0.400777,
    0.771461,
    0.966,
    0.508597,
    0.421,
    0.635788,
    0.756,
    0.457,
    0.442,
    0.6505,
    0.544,
    0.664945,
    0.468,
    0.692,
    0.660128,
    0.52288,
    0.379,
    0.3,
    0.667197,
    0.47,
    0.529044,
    0.566684,
    0.226566,
    0.479248,
    0.441802,
    0.826066,
    0.446,
    0.304877,
    0.581,
    0.677,
    0.455,
    0.274,
    0.663243,
    0.385,
    0.267,
    0.346,
    0.576478,
    0.801,
    0.193857,
    0.223,
    0.75,
    0.949612,
    0.823,
    0.39,
    0.696,
    0.381,
    0.500272,
    0.461,
    0.287103,
    0.303,
    0.832,
    0.399668,
    0.229,
    0.676898,
    0.467571,
    0.487,
    0.550576,
    0.8456,
    0.428,
    0.737,
    0.726368,
    0.762,
    0.499,
    0.411,
    0.522763,
    0.618,
    0.714212,
    0.62649,
    0.515,
    0.859057,
    0.31891,
    1.553426,
    0.986418,
    0.502,
    0.985,
    0.523,
    0.709,
    1.26,
    0.582,
    0.729118,
    0.53,
    0.311,
    0.775,
    0.722426,
    0.588,
    0.444,
    0.375,
    0.449518,
    0.452924,
    0.437,
    0.372,
    0.495711,
    0.888,
    0.840584,
    0.3,
    0.429,
    1.110306,
    0.488676,
    0.926561,
    0.433,
    0.574459,
    1.102427,
    0.491602,
    0.623,
    0.852,
    0.796421,
    0.652,
    0.534,
    0.765,
    0.413,
    0.895135,
    0.502,
    0.454,
    0.615,
    0.706,
    0.256,
    0.382299,
    0.430006,
    0.7,
    0.413,
    0.704703,
    0.421219,
    0.687,
    1.334097,
    0.435,
    0.523574,
    0.532994,
    0.66944,
    1.11,
    0.639975,
    0.647488,
    0.772,
    0.8934,
    0.287334,
    0.993711,
    0.316,
    0.991897,
    0.535,
    0.185053,
    0.623725,
    0.445972,
    0.323,
    0.777,
    0.353785,
    0.760184,
    0.354,
    0.551,
    0.59,
    0.272,
    0.387412,
    0.339,
    0.336934,
    0.535269,
    0.878923,
    0.523486,
    0.572,
    0.919188,
    1.042,
    0.629,
    0.896408,
    1.278,
    0.744,
    0.612,
    0.804778,
    0.743,
    0.979752,
    0.852,
    0.822,
    0.607,
    0.813,
    0.511984,
    0.829174,
    0.575,
    0.321,
    0.801,
    0.585351,
    0.821,
    0.598
  ],
  "5242880": [
    0.684,
    0.549483,
    0.45949,
    0.688574,
    0.533312,
    0.373443,
    0.310018,
    0.178,
    0.52,
    0.677597,
    0.6,
    0.534,
    1.233967,
    0.92912,
    1.002947,
    0.244,
    1.318,
    0.683,
    0.699763,
    1.047275,
    0.922,
    1.22
  ],