{
  "1048576": [
    4.033,
    3.371,
    1.477,
    3.42,
    2.622,
    0.697,
    2.617,
    3.893608,
    1.983,
    3.057,
    2.536,
    2.162,
    4.517,
    1.967,
    5.408,
    3.354206,
    3.915903,
    3.87,
    4.222011,
    3.156896,
    3.145,
    3.999,
    2.283,
    1.23,
    1.521,
    2.187737,
    2.055,
    2.978512,
    3.479,
    1.466,
    2.215,
    3.171,
    1.599,
    2.069,
    3.854875,
    0.823043,
    1.175684,
    1.309897,
    1.997,
    2.207281,
    2.11,
    2.405,
    1.963
  ],
  "51200": [
    2.5429,
    0.321354,
    0.346,
    0.400987,
    1.395695,
    1.2513,
    0.865548,
    0.683206,
    0.667,
    1.013516,
    0.952522,
    1.164596,
    1.92543,
    2.1139,
    1.044504,
    1.692948,
    2.810887,
    2.547143,
    0.326579,
    1.394895,
    0.786297,
    0.372986,
    1.909307,
    0.538486,
    0.693862,
    0.976236,
    2.200255,
    0.671348,
    1.283947,
    1.561432,
    1.938248,
    2.10254,
    0.978097,
    0.131,
    0.355111,
    1.434851,
    0.419762,
    2.595103,
    1.501,
    1.877351,
    0.561,
    0.433003,
    1.966103,
    0.856,
    1.500614,
    2.604403,
    1.314354,
    1.423809,
    1.009408,
    0.906122,
    1.655612,
    1.125508,
    0.832321,
    1.008617,
    1.607786,
    1.402388,
    0.548206,
    1.306962,
    1.489073,
    1.484,
    0.484466,
    0.7398,
    1.21084,
    0.422053,
    1.159451,
    2.533101,
    0.502388,
    0.681,
    1.684724,
    1.79,
    1.364,
    1.296873,
    1.585148,
    1.653048,
    2.130225,
    0.905926,
    0.850485,
    0.930832,
    1.133,
    0.81154,
    1.195612,
    0.529413,
    1.457,
    1.05119,
    0.738872,
    0.586,
    1.409544,
    1.780812,
    0.784,
    0.788,
    1.348258,
    1.063406,
    2.766111,
    1.143119,
    1.413,
    1.041405,
    1.178209,
    1.401998,
    1.260184,
    1.046168,
    0.73337,
    1.422727,
    0.745,
    1.432364,
    0.759374,
    1.595246,
    1.450967,
    1.855456,
    1.638874,
    2.916,
    1.254107,
    0.955583,
    1.425321,
    1.123,
    1.495,
    0.718,
    1.201,
    0.840892,
    1.516999,
    0.39831,
    1.991409,
    0.913077,
    0.704651,
    0.834849,
    1.406494,
    2.662,
    1.295923,
    0.526758,
    0.599393,
    1.542461,
    2.095354,
    0.920503,
    0.74935,
    1.098535,
    1.371095,
    0.89626,
    0.816,
    1.060958,
    0.98363,
    1.497326,
    0.981,
    1.461,
    1.268854,
    0.790041,
    0.566099,
    0.636458,
    1.457459,
    0.935903,
    1.13508,
    1.201436,
    0.504999,
    0.663124,
    0.949802,
    1.68606,
    0.70632,
    0.675015,
    1.393608,
    1.672491,
    0.866445,
    0.507413,
    1.479524,
    0.767,
    0.581596,
    0.716903,
    1.388177,
    1.835,
    0.327857,
    0.394,
    1.517103,
    1.848355,
    1.454562,
    0.766,
    1.50259,
    0.750351,
    1.247472,
    0.822203,
    0.516103,
    0.553,
    1.968,
    0.802838,
    0.478293,
    1.529,
    0.934932,
    0.898,
    0.995712,
    1.611988,
    0.716512,
    1.393103,
    1.349862,
    1.538041,
    0.97104,
    0.821942,
    1.052193,
    1.238734,
    1.50557,
    1.279508,
    1.131103,
    1.525404,
    0.60891,
    3.077028,
    1.840418,
    0.813238,
    1.776798,
    0.701,
    1.329164,
    2.796124,
    0.955877,
    1.219118,
    0.957086,
    0.618496,
    1.550103,
    1.498522,
    1.311,
    0.817289,
    0.686,
    0.787518,
    0.832686,
    0.562043,
    0.546895,
    0.769,
    2.031,
    1.834562,
    0.504103,
    0.847,
    2.168588,
    0.712875,
    1.692918,
    0.946156,
    1.09492,
    2.126714,
    0.817798,
    1.002319,
    1.684,
    1.633563,
    1.270278,
    0.873124,
    1.546,
    0.675421,
    2.354135,
    0.923439,
    0.859,
    1.29463,
    1.322754,
    0.446756,
    0.667299,
    0.699,
    1.34,
    0.793403,
    1.342887,
    0.766,
    1.440206,
    2.868,
    0.751,
    0.945574,
    0.903738,
    1.205828,
    2.092644,
    1.20592,
    1.026805,
    1.304,
    1.960175,
    0.533675,
    2.531671,
    0.584306,
    2.530897,
    1.360406,
    0.271053,
    1.247497,
    0.66933,
    0.577103,
    1.535202,
    0.695446,
    1.785407,
    0.728103,
    1.067292,
    1.202,
    0.509905,
    0.918326,
    0.715,
    0.634196,
    1.22551,
    1.739,
    0.884838,
    0.938,
    1.696114,
    2.102,
    1.100027,
    1.669989,
    2.811111,
    1.201103,
    1.076,
    1.472666,
    1.370947,
    1.756416,
    1.499246,
    1.255,
    0.988428,
    1.613,
    0.891424,
    1.450414,
    0.838,
    0.510541,
    1.571068,
    1.215,
    1.606,
    1.286
  ],
  "5242880": [
    10.88,
    5.176483,
    8.416887,
    10.788,
    6.141,
    4.96764,
    3.550018,
    3.322,
    7.281,
    10.413767,
    10.288,
    8.475,
    13.504,
    10.6265,
    13.299062,
    3.683,
    15.067,
    10.643,
    9.798,
    12.785264,
    14.677,
    12.839
  ],