{
  "1048576": [
    0.586446,
    0.912471,
    0.641,
    0.52221,
    0.44,
    0.244,
    0.681269,
    0.565754,
    0.699944,
    0.546,
    0.372,
    1.03,
    1.05,
    0.697,
    0.46,
    0.686,
    1.043,
    0.363,
    0.575787,
    0.292484,
    0.264,
    0.52,
    0.63499,
    0.336,
    0.509,
    0.968368,
    0.833023,
    0.318649,
    0.3,
    0.377,
    0.712,
    0.524,
    0.464,
    0.68207,
    0.793381,
    0.785,
    0.534,
    0.88105,
    0.468535,
    0.66,
    0.880097,
    1.251,
    0.498682,
    1.03697,
    0.907,
    1.034,
    0.324889,
    0.527,
    0.861099
  ],
  "51200": [
    0.204097,
    0.578,
    0.270616,
    0.504,
    0.339,
    0.292716,
    0.494284,
    0.721,
    1.226,
    0.723605,
    0.613586,
    0.932,
    0.71329,
    0.578246,
    0.573499,
    0.760346,
    0.377,
    0.218985,
    0.539941,
    0.22,
    0.507002,
    0.36753,
    0.638897,
    0.772137,
    0.426,
    0.415129,
    0.705,
    1.14,
    0.515,
    0.778995,
    0.527,
    0.815316,
    0.916752,
    0.588853,
    0.541634,
    0.607669,
    0.485037,
    0.269,
    0.661,
    0.382,
    0.497,
    0.126828,
    0.243,
    0.846576,
    1.042,
    0.965392,
    0.516,
    0.579437,
    0.396315,
    0.559456,
    0.45,
    0.803,
    0.476341,
    0.86,
    0.684769,
    0.736,
    0.607,
    0.587876,
    0.493,
    0.408,
    0.596,
    0.229,
    0.695,
    0.279,
    0.636,
    0.729,
    0.489,
    1.015128,
    0.561,
    0.501494,
    0.317,
    0.346,
    0.381,
    0.604,
    0.476897,
    0.941095,
    0.377372,
    0.227065,
    0.242016,
    0.237,
    0.59357,
    0.454,
    0.369856,
    1.285,
    0.528774,
    0.699,
    0.781597,
    0.721,
    0.398,
    0.846145,
    0.51,
    0.639449,
    0.333,
    0.664,
    0.28166,
    0.625,
    0.74,
    0.314,
    0.411,
    0.31327,
    0.660429,
    0.597,
    0.416,
    0.494,
    0.466,
    1.012,
    0.557889,
    0.499,
    0.731,
    0.612,
    0.772718,
    0.567918,
    0.749,
    0.65,
    0.852748,
    0.629909,
    0.74914,
    0.3,
    0.630395,
    0.277222,
    0.686,
    0.669026,
    0.362,
    0.252739,
    0.362938,
    0.887832,
    0.782,
    0.711,
    0.749,
    0.563,
    0.513,
    0.433,
    0.577889,
    0.429,
    0.964,
    0.754421,
    0.486,
    0.502,
    0.755,
    0.735,
    0.55,
    0.614457,
    0.476,
    0.639043,
    0.414,
    0.752897,
    0.98834,
    0.38719,
    0.755775,
    0.658103,
    0.452,
    1.068,
    0.311,
    0.28268,
    0.554293,
    0.433984,
    0.658762,
    0.252,
    0.663,
    1.047,
    0.329893,
    1.067,
    0.613316,
    1.061067,
    0.452,
    0.24683,
    0.276,
    0.437,
    0.374,
    0.329508,
    0.744,
    0.578375,
    0.264276,
    0.519,
    0.414125,
    0.263852,
    0.683727,
    0.296,
    0.243,
    0.549,
    0.625682,
    0.306578,
    0.794231,
    0.599,
    0.441,
    0.458,
    1.026,
    0.373,
    0.439994,
    0.552,
    0.661,
    0.507069,
    0.369,
    0.382,
    0.487103,
    0.509,
    0.656,
    0.381,
    0.496,
    0.882227,
    0.725,
    1.043,
    0.431685,
    0.492,
    0.363,
    0.441,
    0.802,
    0.747,
    0.814837,
    0.404727,
    0.232,
    0.191983,
    0.821744,
    0.270042,
    0.841,
    0.368,
    0.871942,
    0.56996,
    0.644,
    0.427617,
    0.853,
    0.982135,
    0.917554,
    0.613,
    0.644,
    0.708,
    0.732,
    0.64,
    0.67142,
    0.616,
    0.372852,
    0.879363,
    0.775774,
    0.588,
    0.379,
    1.497487,
    0.896,
    0.750715,
    0.659339,
    0.782,
    0.384769,
    0.954,
    1.135854,
    0.671181,
    1.123,
    0.776206,
    1.313347,
    0.796327,
    0.924,
    1.3,
    0.682952,
    0.734,
    0.288517,
    0.125,
    0.695,
    0.877,
    0.261,
    0.341,
    0.567,
    0.372937,
    0.547138,
    0.74356,
    0.642,
    0.846,
    0.408,
    0.344748,
    1.053,
    0.6052,
    0.503,
    0.486408,
    0.261779,
    0.522,
    0.432,
    0.547835,
    1.050636,
    0.535,
    0.584,
    0.422,
    0.530952,
    0.691,
    1.353,
    1.003208,
    1.280318,
    1.294867,
    0.539601,
    0.815,
    0.917,
    0.911087,
    1.135237,
    0.617,
    0.832,
    0.612,
    0.892217,
    0.471,
    0.728695,
    0.33498,
    0.931,
    0.618024,
    0.468909,
    0.46,
    0.927,
    0.743
  ],
  "5242880": [
    0.296612,
    0.308,
    0.326781,
    1.112,
    1.285,
    0.74,
    1.12,
    0.381,
    0.722,
    1.245889,
    0.568903,
    0.837716,
    0.769033,
    0.582,
    0.775952,
    1.199881,
    0.362,
    0.568853,
    0.957666
  ],