{
  "1048576": [
    2.367729,
    3.964435,
    2.768522,
    2.573,
    2.94701,
    2.291,
    2.928198,
    4.258622,
    2.981764,
    1.765897,
    2.187,
    2.732248,
    2.566429,
    1.428,
    3.58872,
    3.675,
    2.115347,
    3.395,
    2.117918,
    2.333954,
    3.244,
    1.752,
    1.5,
    1.484218,
    2.258,
    2.452,
    2.723,
    3.134,
    1.137578,
    1.51,
    2.129,
    2.37,
    2.922469,
    1.722,
    3.119,
    1.368989,
    2.86,
    1.921,
    2.74,
    3.01163,
    5.033289,
    2.5,
    2.932,
    2.485818,
    3.803,
    2.799,
    2.371,
    2.028,
    1.298,
    3.158032,
    2.614876,
    3.585,
    2.773042,
    2.68879,
    3.106,
    2.852,
    2.504111,
    3.822,
    2.958022
  ],
  "51200": [
    1.101217,
    0.351497,
    0.820304,
    1.23919,
    1.065928,
    2.607517,
    0.692316,
    1.277987,
    1.38015,
    1.031656,
    1.042012,
    0.704674,
    0.871395,
    1.897716,
    1.086069,
    2.819933,
    0.174,
    1.515206,
    0.767586,
    0.903906,
    1.39781,
    0.780898,
    1.334388,
    2.781082,
    0.495686,
    0.534,
    3.099645,
    0.808,
    2.137,
    0.783,
    0.941,
    2.595495,
    1.194673,
    1.197903,
    0.646615,
    0.491589,
    1.978196,
    1.57395,
    2.661,
    0.796103,
    1.30049,
    1.739584,
    0.836095,
    1.250051,
    1.676539,
    0.56,
    1.033968,
    0.573818,
    1.466539,
    1.460031,
    2.145,
    1.355103,
    1.734,
    1.520645,
    2.075644,
    2.835748,
    1.614334,
    0.896932,
    1.651441,
    0.808112,
    1.255214,
    0.581019,
    1.505819,
    1.047167,
    2.040027,
    2.636037,
    0.58053,
    1.418528,
    0.68,
    1.053233,
    0.372866,
    1.33568,
    1.55809,
    0.616378,
    0.764305,
    1.390008,
    2.723386,
    0.426735,
    0.775176,
    0.750358,
    0.679262,
    2.078,
    2.735809,
    0.647,
    1.17864,
    1.057683,
    0.271629,
    1.450111,
    1.896912,
    1.491854,
    0.710206,
    0.993542,
    0.846237,
    1.361,
    1.31,
    1.595712,
    1.452903,
    1.321518,
    0.889,
    2.705,
    1.05929,
    0.735294,
    0.250008,
    1.036,
    1.366524,
    1.690573,
    1.11237,
    0.69743,
    1.450712,
    1.385,
    0.931103,
    0.932,
    1.495,
    0.800199,
    0.830422,
    1.543574,
    1.132408,
    1.34501,
    2.787595,
    1.654103,
    0.92085,
    1.444103,
    1.03677,
    1.717819,
    2.238924,
    1.561206,
    1.100687,
    1.002204,
    1.399941,
    0.707,
    0.708739,
    1.516549,
    1.485909,
    2.626234,
    0.765012,
    0.884324,
    0.94215,
    0.564433,
    0.485922,
    1.477,
    1.618757,
    1.848335,
    1.852002,
    1.707778,
    0.796903,
    1.065308,
    2.744109,
    1.396721,
    1.515,
    0.895691,
    2.056689,
    0.952988,
    1.685586,
    0.966103,
    1.347,
    0.725011,
    0.367906,
    1.1,
    1.28753,
    0.780124,
    0.691968,
    1.338103,
    0.825313,
    1.268608,
    0.449879,
    0.530542,
    1.397,
    1.698627,
    1.443388,
    1.516111,
    1.187893,
    1.113,
    1.448,
    1.103,
    0.764619,
    1.415247,
    2.764157,
    1.271904,
    1.545446,
    0.425409,
    1.24571,
    2.664,
    1.179592,
    0.704943,
    3.264411,
    1.177541,
    0.433,
    0.437248,
    0.369437,
    1.333528,
    2.672105,
    1.439,
    2.676719,
    0.963222,
    1.679,
    1.585879,
    1.607,
    1.572,
    2.692897,
    0.914543,
    1.114385,
    1.812103,
    1.168415,
    1.094,
    1.449175,
    0.385357,
    0.773,
    1.433103,
    0.855901,
    0.954201,
    1.088698,
    0.971066,
    0.814704,
    1.407605,
    2.129,
    1.734903,
    0.894902,
    1.09361,
    0.758484,
    0.46748,
    0.870078,
    0.786,
    0.708554,
    2.045,
    0.86594,
    1.083237,
    0.707117,
    0.393325,
    1.422,
    1.107322,
    2.57927,
    0.672358,
    0.472456,
    1.438206,
    1.570436,
    1.645,
    1.388897,
    0.849662,
    2.830358,
    1.55,
    0.99916,
    0.475284,
    0.555768,
    0.687,
    2.062,
    2.654,
    1.054477,
    0.831421,
    0.505792,
    0.643845,
    2.076974,
    2.688,
    0.881111,
    2.806026,
    1.388097,
    0.927075,
    2.779281,
    0.889107,
    1.094457,
    1.476031,
    0.955491,
    0.992471,
    0.791,
    1.438723,
    1.045127,
    1.490909,
    1.480595,
    0.709257,
    0.498512,
    0.374103,
    2.003752,
    1.331706,
    1.444255,
    1.239506,
    1.833365,
    0.32,
    0.561959,
    0.479516,
    0.67442,
    0.598645,
    1.043029,
    1.332264,
    0.999897,
    1.131667,
    0.963059,
    1.255082,
    1.805114,
    1.267052,
    1.074127,
    1.332636,
    1.231372,
    0.885876,
    1.374,
    1.072092,
    2.757103,
    1.519445,
    2.742,
    0.937876,
    0.954994,
    1.368541,
    1.568184,
    0.815947,
    1.521828
  ],
  "5242880": [
    10.419,
    4.385,
    9.966,
    8.282,
    13.093946,
    11.514,
    12.051,
    10.13,
    8.706,
    14.144,
    9.617856,
    11.806
  ],