{
  "1048576": [
    0.564729,
    0.832577,
    0.666452,
    0.628,
    0.713896,
    0.536,
    0.681604,
    1.037,
    0.471,
    0.405,
    0.528,
    0.671,
    0.624865,
    0.301537,
    0.84072,
    0.800446,
    0.415347,
    0.827,
    0.503892,
    0.43428,
    0.769,
    0.39,
    0.368,
    0.361218,
    0.517,
    0.608449,
    0.67,
    0.777,
    0.233578,
    0.35,
    0.367,
    0.569227,
    0.713669,
    0.375,
    0.754419,
    0.315989,
    0.701,
    0.454,
    0.576,
    0.710733,
    1.229289,
    0.617,
    0.702,
    0.602167,
    0.847,
    0.632176,
    0.547214,
    0.433,
    0.29,
    0.700032,
    0.593876,
    0.877,
    0.607,
    0.58879,
    0.744,
    0.581,
    0.56,
    0.902326,
    0.587022
  ],
  "51200": [
    0.681,
    0.21981,
    0.545,
    0.577257,
    0.432,
    1.067517,
    0.36183,
    0.594,
    0.591,
    0.562671,
    0.580223,
    0.377752,
    0.614395,
    0.819861,
    0.532573,
    1.281,
    0.098,
    0.741,
    0.47911,
    0.506375,
    0.62,
    0.350774,
    0.537,
    1.240163,
    0.41,
    0.369052,
    1.116872,
    0.453,
    1.009,
    0.44,
    0.519,
    1.049595,
    0.582744,
    0.692284,
    0.422999,
    0.270126,
    0.854379,
    0.726179,
    1.099,
    0.384,
    0.49349,
    0.893539,
    0.44,
    0.595652,
    0.889539,
    0.306,
    0.571418,
    0.294,
    0.790022,
    0.61992,
    1.10825,
    0.775,
    0.937,
    0.855073,
    1.014,
    1.293129,
    0.853,
    0.527,
    0.905473,
    0.441228,
    0.643,
    0.402227,
    0.724864,
    0.533855,
    0.912,
    1.094949,
    0.375,
    0.61,
    0.339,
    0.584,
    0.2,
    0.554457,
    0.694716,
    0.3,
    0.342,
    0.57319,
    1.189,
    0.248389,
    0.424876,
    0.428,
    0.378,
    1.003,
    1.200751,
    0.391,
    0.629719,
    0.599,
    0.163275,
    0.67,
    0.765732,
    0.643986,
    0.332424,
    0.54,
    0.472332,
    0.732592,
    0.696,
    0.830156,
    0.801,
    0.694,
    0.47,
    1.171,
    0.608,
    0.309312,
    0.201588,
    0.513,
    0.593,
    0.729704,
    0.493,
    0.307,
    0.673158,
    0.596149,
    0.474,
    0.566,
    0.875553,
    0.495819,
    0.493,
    0.921063,
    0.569,
    0.788,
    1.235492,
    0.833,
    0.53587,
    0.828,
    0.59347,
    0.923316,
    1.115,
    0.786787,
    0.546103,
    0.50733,
    0.711846,
    0.341,
    0.401243,
    0.712,
    0.702775,
    1.087154,
    0.449928,
    0.401,
    0.50585,
    0.312433,
    0.315967,
    0.705,
    0.832,
    0.833878,
    0.816137,
    0.909,
    0.441,
    0.611,
    1.199109,
    0.765,
    0.856897,
    0.425103,
    0.974,
    0.534988,
    0.885,
    0.541,
    0.648,
    0.337011,
    0.204903,
    0.526119,
    0.519,
    0.399,
    0.393,
    0.535198,
    0.404291,
    0.634,
    0.277,
    0.266907,
    0.621,
    0.855,
    0.624,
    0.71,
    0.574,
    0.532696,
    0.677,
    0.492,
    0.348,
    0.653484,
    1.223048,
    0.651111,
    0.776,
    0.261647,
    0.605317,
    1.118,
    0.584689,
    0.374,
    1.325248,
    0.555472,
    0.265,
    0.259,
    0.207,
    0.557,
    1.136097,
    0.654,
    1.14824,
    0.498,
    0.829,
    0.815097,
    0.819,
    0.804,
    1.151897,
    0.502243,
    0.720356,
    0.816,
    0.543415,
    0.518,
    0.671,
    0.186446,
    0.347,
    0.636,
    0.429,
    0.506179,
    0.55673,
    0.408658,
    0.533,
    0.746066,
    1.082,
    0.971,
    0.561,
    0.64,
    0.385273,
    0.32,
    0.530266,
    0.458,
    0.397554,
    0.916,
    0.495,
    0.623237,
    0.318,
    0.238784,
    0.792124,
    0.514492,
    1.042,
    0.351301,
    0.418,
    0.818,
    0.92,
    0.879,
    0.751897,
    0.532877,
    1.300893,
    0.773,
    0.626,
    0.311666,
    0.326,
    0.391,
    0.926932,
    1.11063,
    0.592477,
    0.438,
    0.261,
    0.422798,
    0.951,
    1.153,
    0.484,
    1.269815,
    0.777816,
    0.487605,
    1.229,
    0.565,
    0.639,
    0.776191,
    0.546135,
    0.499,
    0.446,
    0.655,
    0.436,
    0.656,
    0.707,
    0.332,
    0.278095,
    0.213,
    0.856,
    0.655,
    0.626,
    0.558802,
    0.792753,
    0.207,
    0.294,
    0.295,
    0.306,
    0.28,
    0.571,
    0.561,
    0.589527,
    0.464779,
    0.533793,
    0.610502,
    0.99811,
    0.685,
    0.633,
    0.768636,
    0.693,
    0.537876,
    0.736435,
    0.606092,
    1.223,
    0.78,
    1.21,
    0.552876,
    0.661,
    0.647086,
    0.796,
    0.483,
    0.706
  ],
  "5242880": [
    0.827,
    0.302,
    0.763,
    0.803501,
    1.021,
    0.815,
    0.815,
    0.716,
    0.59,
    0.966,
    0.6965,
    1.14
  ],