{
  "1048576": [
    0.200472,
    0.697434,
    0.534,
    0.241,
    0.84127,
    0.859745,
    0.861,
    0.560284,
    0.566,
    0.179755,
    0.448096,
    0.432,
    0.634,
    1.307947,
    0.567,
    1.033,
    0.506,
    0.351064,
    0.66908,
    0.148563,
    0.708,
    1.269106,
    0.601,
    0.21,
    0.592889,
    0.267,
    0.59,
    1.247889,
    0.552889,
    0.261027,
    0.382831,
    1.041097,
    0.22,
    0.735,
    0.262,
    0.671429,
    0.59,
    0.94,
    0.516889,
    0.37,
    0.825,
    0.567,
    0.836,
    0.555,
    0.516091,
    0.871,
    0.35,
    0.507076,
    0.253,
    0.547193,
    1.034903,
    0.926,
    1.286,
    0.354888,
    0.783
  ],
  "51200": [
    0.412736,
    0.57,
    0.304,
    0.214665,
    1.05,
    0.266409,
    0.554,
    1.43572,
    0.648,
    0.441656,
    0.896276,
    0.616088,
    0.873,
    0.647,
    0.792889,
    0.329,
    0.142,
    0.585344,
    0.692,
    0.774686,
    1.021235,
    0.456,
    0.754326,
    0.505248,
    1.186049,
    0.613,
    0.361,
    0.352,
    1.021453,
    1.237,
    0.449,
    0.676779,
    0.65867,
    0.105339,
    0.496066,
    0.493,
    0.297,
    0.266,
    0.703,
    1.3,
    0.345,
    0.695,
    0.356,
    1.011,
    0.513,
    1.293736,
    0.508,
    0.654288,
    0.86,
    0.459509,
    0.819897,
    0.579941,
    0.602,
    0.882,
    0.386,
    0.218,
    0.268,
    0.275012,
    0.702223,
    0.9,
    0.42965,
    0.763,
    0.622435,
    0.879903,
    0.33,
    0.253,
    0.489,
    0.306214,
    0.852999,
    0.655097,
    0.555,
    0.66,
    0.329,
    1.274043,
    0.521903,
    0.730628,
    1.237,
    0.524956,
    0.642,
    0.881021,
    0.578774,
    0.302,
    0.635268,
    0.793,
    0.29,
    0.474578,
    0.471,
    0.325095,
    0.504,
    0.699627,
    0.764,
    0.939,
    0.528264,
    1.235,
    0.44657,
    0.629,
    0.238928,
    0.363,
    0.596,
    0.352661,
    0.583,
    0.819,
    0.811,
    0.402,
    0.521999,
    0.873023,
    0.511,
    1.014,
    0.649421,
    0.839,
    0.507711,
    0.47,
    0.342,
    0.737,
    0.516983,
    0.661,
    0.575,
    0.613,
    0.705,
    0.303461,
    0.207326,
    0.729,
    0.701,
    0.527863,
    0.674,
    1.043,
    0.442,
    0.3,
    0.731111,
    0.415745,
    0.533103,
    0.436897,
    0.403,
    0.736,
    0.865767,
    0.762,
    0.411281,
    0.928,
    0.51,
    0.915,
    0.703,
    0.540955,
    0.331876,
    0.637834,
    1.026752,
    0.31809,
    0.503828,
    0.388,
    0.198163,
    0.198183,
    0.234724,
    0.24678,
    0.487,
    0.389384,
    0.565965,
    0.845,
    0.65392,
    0.381,
    1.07,
    0.669,
    0.530598,
    0.552,
    0.669,
    0.656834,
    0.711,
    0.253,
    0.564,
    0.304,
    0.406945,
    0.534,
    0.358,
    0.406,
    0.731486,
    0.209318,
    0.393,
    0.855,
    1.082,
    0.246,
    0.700192,
    0.48987,
    0.50798,
    0.808,
    0.82,
    0.822583,
    0.563568,
    0.541,
    0.461,
    0.56308,
    0.679,
    0.365,
    0.162,
    0.509827,
    0.66896,
    0.681,
    0.717716,
    0.319,
    0.265794,
    0.674,
    0.715375,
    0.765208,
    0.908,
    1.000141,
    0.763898,
    0.76,
    0.509,
    0.302,
    0.317,
    0.95967,
    1.176,
    0.335,
    1.126,
    0.601254,
    1.000124,
    0.297,
    0.596721,
    0.428601,
    0.878956,
    1.17808,
    0.278,
    0.509821,
    0.502,
    0.58606,
    0.775496,
    0.435,
    0.47,
    0.596,
    1.248,
    1.009,
    0.741776,
    0.886,
    0.332,
    0.806022,
    0.623,
    0.437,
    0.378,
    0.45812,
    0.323,
    0.396,
    0.531,
    0.392,
    0.711,
    0.591,
    0.6,
    1.051,
    0.493,
    0.917,
    0.707,
    1.294889,
    0.518,
    0.692,
    0.691,
    0.241,
    0.162,
    0.187,
    0.276119,
    0.17217,
    0.816,
    0.314808,
    0.268432,
    1.078821,
    0.147097,
    0.577,
    0.673934,
    0.446,
    0.242125,
    0.712465,
    0.456228,
    0.382,
    0.209027,
    0.582,
    0.687344,
    0.535,
    0.96,
    0.733752,
    0.872309,
    0.542,
    0.53,
    1.073232,
    0.652,
    0.778148,
    0.604123,
    0.789154,
    0.682883,
    0.467,
    0.966109,
    0.546237,
    0.441763,
    0.629,
    0.504,
    0.566535,
    1.172458,
    0.367064,
    0.941,
    1.021284,
    0.851,
    1.267,
    0.754
  ],
  "5242880": [
    0.471,
    0.712,
    1.042,
    0.707885,
    0.707527,
    0.807388,
    0.803,
    0.687,
    0.405,
    0.662961,
    0.274794,
    0.42048,
    0.443,
    1.127496,
    0.777,
    0.513028,
    0.387,
    0.246,
    1.043,
    0.54709,
    0.39438
  ],