{
  "1048576": [
    0.513903,
    0.318509,
    0.814477,
    1.09,
    0.793329,
    0.337,
    0.615,
    0.860523,
    0.290235,
    0.27766,
    0.49974,
    0.729461,
    0.33111,
    0.077069,
    0.565264,
    0.811728,
    0.889083,
    0.27487,
    1.197223,
    0.524327,
    0.598695,
    0.572,
    0.903926,
    0.455424,
    0.400153,
    0.547126,
    0.865978,
    0.436394,
    0.716402,
    0.728,
    0.635876,
    0.679,
    0.762519,
    0.789408,
    1.09717,
    0.544,
    0.350639,
    0.493405,
    0.936519,
    0.748,
    0.554649,
    0.714,
    0.55664
  ],
  "51200": [
    0.460871,
    0.188685,
    0.216,
    0.248903,
    0.599588,
    0.511868,
    0.515,
    0.448,
    1.07,
    1.062443,
    0.523235,
    0.542671,
    0.344,
    0.735899,
    0.546631,
    0.310013,
    0.479,
    0.764198,
    0.743097,
    1.023388,
    0.558,
    0.514,
    0.908798,
    0.43,
    0.390095,
    0.811294,
    0.64834,
    0.514462,
    0.785111,
    0.321302,
    0.182,
    0.344889,
    0.596364,
    0.812517,
    0.5031,
    0.644857,
    1.0443,
    0.537967,
    0.340343,
    0.734114,
    0.645064,
    0.563211,
    0.238925,
    0.869684,
    0.739494,
    0.332,
    0.564,
    0.631,
    0.935,
    0.567734,
    0.688,
    0.877,
    1.385968,
    0.755346,
    1.082211,
    0.643175,
    0.258538,
    0.627569,
    0.433281,
    0.437,
    0.403237,
    0.524529,
    0.599075,
    0.632165,
    0.326815,
    0.675,
    0.33439,
    0.80607,
    0.682288,
    0.751,
    0.326325,
    0.448,
    0.369183,
    0.619065,
    1.181966,
    0.479197,
    0.673005,
    1.064811,
    2.327,
    0.72875,
    0.634788,
    0.339799,
    0.360617,
    0.53,
    1.228036,
    0.318133,
    0.483,
    0.808379,
    1.182752,
    0.423,
    0.633835,
    0.991772,
    0.144493,
    0.493,
    0.60401,
    0.81177,
    0.322522,
    1.064,
    0.548,
    0.863533,
    0.567,
    0.920897,
    0.44265,
    0.702708,
    0.764,
    0.576794,
    0.837,
    0.734308,
    1.632839,
    0.697124,
    0.695,
    0.717735,
    0.737,
    0.556,
    0.711659,
    0.828244,
    0.249704,
    0.733,
    0.212006,
    0.52,
    0.779677,
    0.65836,
    0.713762,
    0.496814,
    0.317,
    0.361407,
    0.783,
    0.970155,
    1.151883,
    0.755539,
    0.664,
    0.833031,
    0.76491,
    0.74446,
    0.829251,
    0.706,
    0.934,
    0.562423,
    0.709,
    0.408,
    0.238559,
    0.310289,
    0.367,
    0.392656,
    0.501,
    1.046593,
    0.518894,
    0.289066,
    0.503,
    0.381,
    0.18975,
    0.443271,
    0.264,
    0.397022,
    0.444511,
    0.705127,
    0.621636,
    0.641,
    0.703,
    0.394845,
    0.299188,
    0.646,
    0.478994,
    1.109,
    0.2132,
    0.455299,
    0.479,
    0.273,
    0.815678,
    0.32655,
    0.625586,
    0.364836,
    0.528,
    1.074609,
    0.236042,
    0.687,
    0.657684,
    0.664887,
    1.032119,
    0.472681,
    1.142658,
    0.46012,
    0.723021,
    0.464929,
    0.561,
    0.522775,
    0.796909,
    0.54,
    0.728874,
    0.888669,
    0.324363,
    0.311,
    0.267698,
    0.346339,
    1.093744,
    0.37136,
    0.369413,
    0.478,
    0.773,
    0.85423,
    0.513112,
    0.850056,
    0.773108,
    0.615,
    1.186,
    0.611962,
    0.281,
    0.405571,
    0.753712,
    0.758,
    0.462,
    0.656,
    0.438,
    0.349,
    0.361644,
    0.24,
    0.891556,
    1.068,
    0.72,
    0.819465,
    0.593382,
    0.615148,
    0.516,
    0.463049,
    0.848806,
    0.517144,
    1.071,
    1.251269,
    0.6,
    0.454893,
    0.692658,
    0.382234,
    0.886844,
    0.561363,
    1.167558,
    0.317599,
    0.854095,
    0.595,
    1.162,
    0.316097,
    0.359,
    0.68418,
    0.912769,
    1.537327,
    0.575,
    1.305553,
    1.14,
    0.852149,
    0.920228,
    0.490897,
    1.124303,
    1.356,
    0.644514,
    1.324,
    0.36913,
    0.547219,
    0.575129,
    0.854202,
    0.318194,
    0.338,
    0.645056,
    0.274,
    0.211098,
    0.432,
    0.640934,
    0.797,
    0.452858,
    0.793,
    0.535488,
    0.55261,
    1.048893,
    0.421338,
    0.425798,
    0.666549,
    0.229,
    1.042107,
    1.348224,
    0.516876,
    3.461,
    1.079491,
    0.808882,
    0.888846,
    0.711,
    0.609,
    0.680051,
    0.583,
    0.855,
    0.946651,
    1.127,
    0.576201,
    0.744889,
    1.295575,
    0.723592,
    0.693,
    0.353571,
    0.865425,
    0.509826,
    0.724397
  ],
  "5242880": [
    0.696,
    0.677496,
    0.83,
    0.786,
    0.718,
    1.075383,
    0.748374,
    0.505113,
    0.431973,
    0.388903,
    0.2,
    1.2,
    0.679742,
    1.375534,
    0.505722,
    0.486673,
    0.475062,
    0.569,
    0.494799,
    0.479,
    0.899,
    0.607782,
    0.642287,
    0.509,
    0.751,
    0.704827,
    1.063812,
    0.736855,
    0.913348,
    0.416773
  ],