{
  "1048576": [
    0.27137,
    0.86302,
    0.71,
    0.288,
    0.124,
    0.392289,
    0.367,
    0.25628,
    0.234,
    0.478103,
    0.703897,
    0.854681,
    0.521,
    0.288311,
    0.18363,
    0.132,
    0.439135,
    0.507612,
    0.544757,
    0.429684,
    0.432,
    0.438,
    0.361753,
    1.007,
    0.449856,
    0.656,
    0.490317,
    0.638398,
    0.351,
    0.257893,
    0.731,
    0.248287,
    0.429,
    0.399,
    0.867,
    0.476764,
    0.426,
    0.202531,
    0.368,
    0.471,
    0.174363,
    0.679,
    0.702422,
    0.528,
    0.654485,
    0.580996,
    0.718875,
    0.599,
    0.679097,
    0.519,
    0.291,
    0.703354,
    0.69289,
    1.533657,
    0.465194,
    0.18338,
    0.273488,
    0.192145,
    0.169,
    0.487905,
    0.668,
    0.785,
    0.629,
    0.525705,
    0.327945,
    0.749547,
    0.571529
  ],
  "51200": [
    0.182775,
    0.489452,
    0.375714,
    0.641802,
    0.262636,
    0.278,
    0.202,
    0.41,
    0.426,
    0.327,
    0.425,
    0.673645,
    0.5743,
    0.829,
    0.479,
    0.657,
    0.604918,
    0.4,
    0.356901,
    0.808,
    0.42,
    0.43,
    0.184,
    0.371,
    0.315422,
    0.419438,
    0.323958,
    0.332,
    0.688,
    0.431,
    0.433,
    0.518,
    0.65,
    0.169976,
    0.44,
    0.503103,
    0.665,
    0.447,
    0.375,
    0.395626,
    0.657191,
    0.519736,
    0.442032,
    0.18,
    0.424,
    0.659,
    0.311,
    0.142,
    0.689632,
    0.567608,
    0.544,
    0.671,
    0.804,
    0.479843,
    0.663,
    0.645822,
    0.227,
    0.207,
    0.379,
    0.665908,
    0.21057,
    0.253,
    0.479,
    0.393,
    0.177,
    0.430276,
    0.506,
    0.298802,
    0.617396,
    0.771,
    0.777,
    0.3512,
    0.508,
    0.404396,
    0.590591,
    0.614,
    0.680298,
    0.629,
    0.4,
    0.158,
    0.335,
    0.381773,
    0.973,
    0.288617,
    0.822,
    0.535,
    0.489486,
    0.426,
    0.311154,
    0.797597,
    0.455543,
    0.427,
    0.201674,
    0.177014,
    0.529124,
    0.525,
    0.214434,
    0.70052,
    0.349197,
    0.422934,
    0.403,
    0.534357,
    0.627709,
    0.546798,
    0.828,
    0.414,
    0.359897,
    0.633,
    0.614,
    0.663,
    0.573489,
    0.247071,
    0.360446,
    0.219,
    0.506,
    0.535,
    0.476,
    0.465055,
    0.472889,
    0.247,
    0.244977,
    0.473,
    0.576,
    0.593,
    0.349,
    0.632,
    0.4,
    0.294276,
    0.893,
    0.715111,
    0.714337,
    0.494,
    0.544,
    0.506,
    0.239,
    0.226876,
    0.521103,
    0.47139,
    0.261897,
    0.516,
    0.561,
    0.488,
    0.254,
    0.461532,
    0.31766,
    0.196,
    0.202485,
    0.196,
    0.241,
    0.283,
    0.136,
    0.467,
    0.515,
    0.462,
    0.591108,
    0.358897,
    0.482744,
    0.37,
    0.411897,
    0.206,
    0.78742,
    0.845458,
    0.550995,
    0.408,
    0.189,
    0.1,
    0.468446,
    0.426284,
    0.525,
    0.260626,
    0.404,
    0.678,
    0.424,
    0.397,
    0.373,
    0.655,
    0.375586,
    0.562668,
    0.819,
    0.262111,
    0.21013,
    0.456,
    0.267,
    0.51798,
    0.239006,
    0.24,
    0.304691,
    0.364,
    0.493,
    0.452124,
    0.472,
    0.752889,
    0.562,
    0.869535,
    0.685,
    0.524,
    0.462443,
    0.506657,
    0.667,
    0.311,
    0.354507,
    0.64,
    0.540252,
    0.328254,
    0.529,
    0.483248,
    0.143,
    0.237,
    0.229976,
    0.49166,
    0.549718,
    0.477,
    0.57454,
    0.426,
    0.364177,
    0.707,
    0.472,
    0.667,
    0.76821,
    0.41544,
    0.557139,
    0.423433,
    0.577658,
    0.576,
    0.382764,
    0.326111,
    0.32,
    0.52,
    0.250453,
    0.501,
    0.301,
    1.075722,
    0.7,
    0.552,
    0.77858,
    0.518671,
    0.569,
    0.725,
    0.578308,
    0.713,
    0.657,
    0.872,
    0.580073,
    0.437,
    0.279,
    0.728847,
    0.601915,
    0.443,
    0.232548,
    0.313,
    0.657,
    0.422,
    0.447841,
    0.427,
    0.198,
    0.299,
    0.200721,
    0.419,
    0.662529,
    0.17,
    0.485,
    0.338558,
    0.397523,
    0.602103,
    0.434,
    0.439,
    0.817757,
    0.445344,
    0.862,
    0.663,
    0.627815,
    0.472,
    0.631052,
    0.885712,
    0.726126,
    0.435,
    0.626773,
    0.434,
    0.377,
    0.591573,
    0.373,
    0.625,
    0.457684,
    0.5493,
    0.575
  ],
  "5242880": [
    0.574777,
    0.477009,
    0.548,
    0.645124,
    0.891053,
    0.7,
    0.72,
    0.863539,
    0.571157,
    0.29267,
    0.217064,
    0.538,
    0.453,
    0.884996,
    0.264,
    0.947483,
    0.692047,
    0.211489,
    0.646,
    0.5,
    0.360233
  ],