{
  "1048576": [
    1.608467,
    4.69502,
    3.658,
    1.483,
    0.734,
    2.158289,
    1.975,
    1.375486,
    1.217,
    2.43,
    3.719994,
    4.457681,
    2.88,
    1.470311,
    0.98363,
    0.725,
    2.393135,
    2.67,
    2.860535,
    2.332684,
    2.358,
    2.352,
    2.021753,
    5.202,
    2.667677,
    3.601,
    2.833733,
    3.253398,
    2.154,
    1.442,
    4.166796,
    1.284,
    2.193,
    2.130445,
    4.647,
    2.569764,
    2.163,
    1.262027,
    2.148,
    2.55,
    0.959363,
    4.065,
    3.685422,
    2.749,
    3.393113,
    2.97,
    3.752393,
    3.101,
    3.661097,
    2.758,
    1.461,
    3.713354,
    3.585243,
    9.113,
    2.570603,
    1.037889,
    1.454957,
    1.039,
    0.908,
    2.579905,
    3.406,
    4.028,
    3.352,
    2.839705,
    1.89,
    3.816402,
    3.061
  ],
  "51200": [
    0.286597,
    0.910501,
    0.635088,
    1.418,
    0.677,
    0.597282,
    0.600306,
    1.212158,
    0.799223,
    0.800501,
    0.709852,
    1.455,
    1.237924,
    1.943179,
    0.905,
    1.501905,
    1.447021,
    1.013033,
    0.892316,
    1.848437,
    0.803698,
    0.799,
    0.566,
    1.175735,
    0.708,
    0.781952,
    0.615156,
    0.582,
    1.818806,
    0.898111,
    0.846428,
    0.988111,
    2.197403,
    0.29733,
    1.222647,
    1.633103,
    2.206058,
    1.162,
    1.071114,
    0.872354,
    2.202441,
    1.277206,
    1.063642,
    0.358209,
    1.076,
    1.371452,
    0.710031,
    0.395531,
    2.235632,
    1.37,
    1.111968,
    1.289,
    1.579327,
    0.868402,
    1.121,
    2.201,
    0.423242,
    0.337572,
    0.891748,
    2.223,
    0.434179,
    0.63293,
    0.931,
    1.015,
    0.301,
    1.199278,
    1.635103,
    0.62534,
    1.664396,
    2.727156,
    2.297092,
    0.684962,
    0.969702,
    0.757396,
    1.478897,
    1.555781,
    1.746298,
    2.172722,
    1.019,
    0.332,
    0.933834,
    1.147943,
    2.028,
    1.056268,
    2.34487,
    1.070443,
    0.844486,
    1.036595,
    0.675638,
    2.325597,
    1.243896,
    1.019111,
    0.502674,
    0.462858,
    1.043124,
    1.377103,
    0.502123,
    2.234912,
    0.870451,
    0.972143,
    0.768338,
    0.971738,
    1.243261,
    1.323078,
    2.367045,
    0.518097,
    0.708939,
    1.300888,
    1.416,
    1.715,
    1.450248,
    0.614386,
    0.897,
    0.303794,
    1.317,
    1.324,
    1.250078,
    1.297651,
    1.262889,
    0.408498,
    0.505977,
    1.00528,
    1.347428,
    1.219,
    0.731,
    1.169756,
    0.541628,
    0.510738,
    1.66,
    1.535889,
    1.779,
    1.287178,
    1.005509,
    1.306806,
    0.507612,
    0.430979,
    1.59,
    0.857124,
    0.605983,
    0.905372,
    1.249376,
    0.946177,
    0.509546,
    1.256532,
    1.004771,
    0.611,
    0.45704,
    0.582,
    0.92,
    0.688521,
    0.237,
    1.103,
    1.285,
    1.290435,
    1.017496,
    1.236342,
    0.91552,
    0.853,
    0.610897,
    0.425661,
    1.91342,
    1.843826,
    1.367837,
    0.863035,
    0.564683,
    0.152,
    1.085,
    0.667284,
    1.138442,
    0.674749,
    0.663103,
    2.212103,
    0.885,
    0.822512,
    0.596,
    1.432,
    0.777,
    1.326552,
    2.359,
    0.678273,
    0.329,
    1.086755,
    0.52,
    1.608,
    0.615765,
    0.592708,
    0.659,
    0.837103,
    0.995,
    1.045704,
    1.036,
    1.523889,
    1.276374,
    2.40138,
    1.462103,
    1.037,
    0.801053,
    1.147904,
    1.27311,
    0.572664,
    0.571631,
    1.771524,
    0.924252,
    0.698,
    0.987111,
    0.843,
    0.249,
    0.359,
    0.494224,
    1.255534,
    1.676718,
    1.294,
    2.112559,
    0.883865,
    0.641177,
    1.827108,
    1.441568,
    1.385,
    1.789128,
    0.897026,
    1.183732,
    0.767501,
    1.34376,
    1.355774,
    0.768103,
    0.601,
    0.713053,
    0.990949,
    0.634515,
    1.121397,
    0.594711,
    1.936712,
    2.228889,
    1.331,
    2.308,
    1.317671,
    1.16,
    1.506206,
    1.204992,
    1.564103,
    1.248,
    2.415964,
    1.330252,
    1.227983,
    0.476,
    1.54046,
    1.740486,
    1.251,
    0.661313,
    0.988513,
    2.201487,
    1.038,
    1.05552,
    1.208223,
    0.278714,
    1.011103,
    0.464051,
    0.887,
    2.199243,
    0.283325,
    1.267,
    1.053958,
    0.766399,
    1.673103,
    0.892587,
    1.031,
    1.580879,
    0.961344,
    2.396792,
    1.739,
    1.159189,
    0.86,
    1.363078,
    2.42881,
    1.514126,
    0.848433,
    1.579773,
    0.831,
    0.884884,
    1.203767,
    0.757576,
    1.218,
    0.847508,
    0.867237,
    1.073283
  ],
  "5242880": [
    7.732777,
    7.3,
    10.307508,
    10.869,
    13.346053,
    12.267,
    13.224,
    14.052617,
    9.472907,
    5.496,
    3.495,
    10.426,
    7.079,
    16.837295,
    4.464,
    14.768483,
    13.290047,
    4.824794,
    8.803,
    9.814,
    7.03818
  ],