{
  "1048576": [
    0.300192,
    0.895,
    0.498,
    0.383,
    0.223,
    0.574,
    0.466,
    0.771919,
    0.589,
    0.461498,
    0.24,
    0.48313,
    0.4,
    0.578,
    0.644,
    0.391025,
    0.618,
    0.555716,
    0.498,
    0.521202,
    0.280098,
    0.357,
    0.310786,
    0.536518,
    0.392,
    0.201234,
    0.656903,
    0.503,
    0.732,
    0.863416,
    0.772,
    0.203135,
    0.616351,
    0.392,
    0.445843,
    0.812834,
    0.259,
    0.396656,
    0.258722,
    0.493778,
    0.808403,
    0.404,
    0.44345,
    0.388,
    0.516,
    0.844885,
    0.754
  ],
  "51200": [
    0.228,
    0.168,
    0.433,
    0.249446,
    0.489,
    0.302,
    0.464,
    0.4,
    0.417,
    0.768,
    0.718855,
    0.792,
    0.787,
    0.751035,
    0.829,
    0.644883,
    0.26759,
    0.414,
    0.496876,
    0.28,
    0.415575,
    0.444043,
    0.291,
    0.3,
    0.348,
    0.385,
    0.581,
    0.585939,
    0.762938,
    0.540137,
    0.698897,
    0.841,
    0.634156,
    0.691,
    0.431517,
    0.463651,
    0.261,
    0.305,
    0.182,
    0.428454,
    0.501,
    0.667897,
    0.846,
    0.71,
    0.7373,
    0.854,
    0.12352,
    0.365,
    0.489386,
    0.651037,
    0.736,
    0.571,
    0.778,
    1.087,
    0.490974,
    0.669796,
    0.242606,
    0.316478,
    0.363,
    0.520857,
    0.939407,
    0.398561,
    0.429145,
    0.131024,
    0.247528,
    0.568,
    0.535,
    0.198,
    0.206885,
    0.364,
    0.419934,
    0.510209,
    0.544473,
    0.296632,
    0.755798,
    0.363,
    0.623639,
    0.506,
    0.465574,
    0.4,
    0.321,
    0.231,
    0.333886,
    0.702281,
    0.284558,
    0.544335,
    0.63496,
    0.356,
    0.595,
    0.362193,
    0.800117,
    0.388,
    0.35,
    0.500056,
    0.516,
    0.388,
    0.444255,
    0.192,
    0.284,
    0.21,
    0.474,
    0.811426,
    0.354,
    0.846889,
    0.421,
    0.702876,
    0.602238,
    0.502889,
    0.455641,
    0.574,
    0.462897,
    0.336101,
    0.642913,
    0.473,
    0.734,
    0.9,
    0.648,
    0.719261,
    0.602405,
    0.228,
    0.162,
    0.240592,
    0.557,
    0.668,
    0.408663,
    0.32,
    0.617,
    0.509,
    0.543976,
    0.584,
    0.607,
    0.460421,
    0.749389,
    0.363097,
    0.661093,
    0.359531,
    0.367843,
    0.619158,
    0.411,
    0.42834,
    0.411,
    0.683,
    0.510222,
    0.498762,
    0.177,
    0.198,
    0.231,
    0.172,
    0.322089,
    0.553278,
    0.525,
    0.335,
    0.539029,
    0.056,
    0.434095,
    0.448,
    0.27,
    0.651,
    0.490586,
    0.543,
    0.531786,
    0.632876,
    0.238,
    0.521995,
    0.259612,
    0.295473,
    0.430723,
    0.471,
    0.289,
    0.541,
    0.451,
    0.549135,
    0.359445,
    0.629,
    0.65,
    0.469204,
    0.172861,
    0.639,
    0.248,
    0.533,
    0.178544,
    0.18492,
    0.651237,
    0.410525,
    0.415288,
    0.558093,
    0.599654,
    0.579,
    0.651,
    0.423734,
    0.431898,
    0.735,
    0.469,
    0.298137,
    0.137601,
    0.187,
    0.48,
    0.401806,
    0.502,
    0.308173,
    0.651,
    0.473417,
    0.702876,
    0.543,
    0.75,
    0.574,
    0.2926,
    0.471,
    0.664,
    0.524119,
    0.299569,
    0.788968,
    0.374629,
    0.646264,
    0.125,
    0.184867,
    0.374,
    0.458,
    0.517,
    0.398,
    0.625718,
    0.582,
    0.376037,
    0.432,
    0.574,
    0.898,
    0.470481,
    0.818,
    0.529305,
    0.360115,
    0.574524,
    0.312,
    0.440358,
    0.63,
    0.402,
    0.648865,
    0.356693,
    0.492474,
    0.841,
    0.506,
    0.508,
    0.661821,
    0.256946,
    0.344782,
    0.848874,
    0.493394,
    0.436,
    0.404897,
    0.826,
    0.41,
    0.729641,
    0.4457,
    0.812,
    0.487,
    0.652,
    0.600886,
    0.459877,
    0.186,
    0.179,
    0.763627,
    0.206326,
    0.257,
    0.41106,
    0.309118,
    0.305539,
    0.181174,
    0.228,
    0.178,
    0.453,
    0.5627,
    0.6,
    0.256632,
    0.336,
    0.26447,
    0.30574,
    0.237903,
    0.230431,
    0.67,
    0.41438,
    0.747,
    0.37192,
    0.729461,
    0.978,
    0.806,
    0.57149,
    0.67,
    0.715336,
    0.673,
    0.644065,
    0.643144,
    0.679,
    0.507261,
    0.728,
    0.768,
    0.253648,
    0.538,
    0.636591,
    0.438,
    0.687,
    0.910354,
    0.422,
    0.352608,
    0.897
  ],
  "5242880": [
    0.715,
    0.53,
    0.37952,
    0.727,
    0.274594,
    0.400522,
    0.576,
    0.664,
    0.538,
    0.661,
    0.672753,
    0.921,
    0.369232,
    0.527105,
    0.420007,
    0.358,
    0.439097,
    0.389,
    0.28,
    0.505322,
    0.586304,
    0.232306,
    0.436144,
    0.463,
    0.701
  ],