{
  "1048576": [
    3.583,
    2.08,
    2.263889,
    2.700535,
    2.199,
    0.806503,
    1.19,
    2.651,
    3.045,
    2.833384,
    3.95,
    2.0,
    4.003,
    4.013487,
    2.910618,
    2.287897,
    1.012,
    1.781,
    2.658,
    2.912234,
    3.994355,
    2.765164,
    1.581,
    3.373698,
    1.758,
    3.239768,
    2.880883,
    4.15,
    2.011,
    2.254858,
    0.984731,
    2.446776,
    3.213,
    1.157,
    1.157,
    3.154,
    2.986,
    3.22,
    3.077,
    1.720648,
    2.971,
    2.456,
    1.75,
    1.321,
    2.356,
    4.094,
    2.52431,
    3.59531,
    3.725,
    2.143782,
    2.446876,
    2.926
  ],
  "51200": [
    1.002062,
    1.079865,
    1.040112,
    0.378032,
    2.19769,
    0.508272,
    0.610767,
    0.883539,
    2.432103,
    0.745062,
    1.379049,
    0.725775,
    1.533777,
    1.978423,
    2.48,
    1.9,
    1.179,
    0.694478,
    0.391876,
    1.267251,
    1.936348,
    0.525649,
    0.688844,
    1.071,
    1.051811,
    0.901722,
    1.161,
    1.274032,
    1.230965,
    0.635,
    2.360115,
    0.626,
    0.899576,
    0.26542,
    0.227354,
    1.670487,
    0.717,
    1.279,
    2.233101,
    0.627906,
    1.058292,
    2.052549,
    1.676755,
    1.711486,
    0.779,
    1.767997,
    1.790708,
    1.512752,
    0.68,
    0.749,
    1.254446,
    2.410963,
    0.908103,
    1.389,
    2.300763,
    0.329397,
    0.405388,
    1.322396,
    1.319721,
    1.382544,
    1.412,
    1.361114,
    0.319806,
    0.458,
    0.405,
    1.192809,
    0.911304,
    1.239704,
    0.806866,
    1.731981,
    0.631,
    0.745829,
    1.071195,
    1.502103,
    1.383981,
    0.826763,
    0.966371,
    0.237557,
    0.542905,
    1.277,
    0.422,
    1.191,
    0.479988,
    0.682,
    0.82,
    2.344367,
    1.17951,
    0.818016,
    1.376804,
    1.22371,
    0.939096,
    1.002432,
    0.733872,
    1.559,
    1.140103,
    2.133145,
    1.227651,
    1.008,
    0.379903,
    0.978243,
    0.908224,
    0.787214,
    0.622326,
    1.566116,
    0.572722,
    0.900768,
    1.533,
    1.167652,
    1.301969,
    2.455818,
    1.158459,
    0.746587,
    0.709,
    0.95,
    1.482403,
    1.712983,
    0.86,
    1.37696,
    0.907987,
    1.099,
    2.412968,
    0.271918,
    0.428663,
    0.417669,
    1.082817,
    0.989,
    0.652405,
    0.493917,
    2.211,
    1.67,
    1.01277,
    1.828105,
    1.730389,
    0.819933,
    0.707248,
    0.703124,
    1.412587,
    0.509117,
    1.106999,
    0.765539,
    0.727,
    0.707903,
    1.411376,
    0.351103,
    1.253,
    1.711,
    2.224433,
    0.456289,
    0.446392,
    0.280105,
    1.23,
    1.075617,
    1.51,
    0.661223,
    1.250179,
    1.625073,
    1.098103,
    0.278014,
    0.322233,
    1.319,
    1.698,
    1.297337,
    0.873294,
    1.011272,
    1.578066,
    1.105403,
    0.401,
    2.261,
    0.536,
    0.715,
    0.802467,
    0.981919,
    0.814843,
    0.645288,
    1.016872,
    0.551735,
    0.541853,
    0.854836,
    1.153,
    2.308368,
    0.962916,
    0.790472,
    0.953,
    2.415374,
    0.743068,
    2.330103,
    1.179449,
    0.615206,
    0.256783,
    0.389658,
    0.94992,
    0.444478,
    2.177374,
    1.537668,
    1.227,
    1.511967,
    0.780934,
    0.790388,
    1.883213,
    2.489017,
    0.861605,
    0.886,
    0.817,
    0.648754,
    1.00148,
    0.644,
    1.803448,
    2.311602,
    0.579298,
    2.579618,
    1.340678,
    0.370865,
    1.051488,
    0.393022,
    0.459,
    0.851627,
    0.611905,
    0.802707,
    0.636309,
    1.335967,
    0.971867,
    0.718,
    0.684,
    1.891103,
    0.975068,
    1.521,
    0.948396,
    1.35,
    0.658431,
    0.52548,
    1.124791,
    1.338986,
    1.855074,
    0.6399,
    1.067124,
    0.778,
    1.257111,
    1.178103,
    1.18,
    1.383867,
    1.208693,
    0.750829,
    2.347167,
    1.116,
    1.765203,
    0.628502,
    1.175718,
    0.881543,
    0.977192,
    1.945808,
    1.66,
    0.999734,
    2.39888,
    1.120889,
    0.87576,
    1.025185,
    1.223,
    1.869671,
    0.415784,
    2.165879,
    0.865783,
    0.721,
    0.367341,
    1.01655,
    1.196,
    0.309,
    2.164074,
    0.857103,
    0.882695,
    1.632514,
    1.223,
    1.237755,
    0.468756,
    1.655805,
    0.687,
    1.244103,
    1.303836,
    1.094163,
    1.401,
    1.117575,
    1.26794,
    1.249498,
    1.127,
    1.563844,
    1.489519,
    1.035935,
    1.404108,
    1.419,
    1.243731,
    0.660707,
    1.507103,
    0.992704,
    1.981455,
    0.934,
    0.676,
    2.419,
    1.072354,
    1.082027,
    1.043086,
    2.347154,
    0.770628,
    0.979473
  ],
  "5242880": [
    9.088805,
    4.936,
    21.840022,
    9.086205,
    7.988,
    2.554005,
    7.337985,
    3.474721,
    6.697,
    10.076213,
    7.563,
    4.267,
    6.326,
    7.564,
    8.015267,
    8.830391,
    7.911,
    4.498,
    13.696608,
    11.60307,
    8.788817,
    3.787653,
    12.450976
  ],