{
  "1048576": [
    2.068876,
    2.44,
    3.499184,
    1.133,
    3.151876,
    4.838,
    5.218,
    5.297388,
    3.663829,
    1.873,
    4.054672,
    2.717,
    4.584,
    3.15411,
    3.11,
    4.616086,
    2.505876,
    2.119789,
    1.652,
    5.254,
    2.905264,
    2.615081,
    2.279,
    3.679876,
    1.538,
    3.969,
    2.736342,
    3.465897,
    3.926914,
    2.154798,
    2.708,
    1.896897,
    1.715801,
    1.779,
    2.942,
    1.12486,
    0.961329,
    1.334,
    2.69,
    2.824,
    2.798,
    4.366019,
    3.993878,
    8.817124,
    3.346,
    2.26512
  ],
  "51200": [
    0.891948,
    1.401,
    0.327,
    0.385174,
    1.974,
    0.962717,
    0.738206,
    1.558344,
    1.429,
    1.851,
    0.821504,
    1.001408,
    1.201534,
    1.042916,
    2.246512,
    1.15095,
    1.723241,
    1.193444,
    1.216,
    0.42083,
    1.037959,
    1.749285,
    1.089,
    2.593781,
    0.854272,
    1.336445,
    1.399347,
    1.368468,
    0.62418,
    0.776371,
    1.189918,
    0.829856,
    0.895,
    1.669613,
    2.524277,
    0.348,
    0.906235,
    0.484103,
    1.07,
    0.604019,
    0.785544,
    1.240557,
    0.767895,
    1.261504,
    0.875485,
    0.555,
    1.03,
    2.166,
    0.641,
    1.286788,
    2.073313,
    0.962095,
    2.773775,
    0.713815,
    0.606782,
    1.257,
    0.80888,
    1.278781,
    0.67957,
    0.430929,
    0.618001,
    0.642001,
    0.735044,
    0.701963,
    2.581983,
    1.579888,
    0.831997,
    1.278469,
    1.142447,
    0.377854,
    1.967221,
    0.725413,
    1.466,
    2.571,
    1.73366,
    0.869557,
    0.609145,
    0.826,
    1.578206,
    1.026,
    1.108622,
    0.908869,
    0.629,
    2.752,
    1.470351,
    0.925805,
    1.233303,
    0.738446,
    0.445432,
    1.444,
    0.765,
    1.426266,
    0.958,
    0.443483,
    0.455469,
    1.632347,
    0.718,
    1.231284,
    1.54,
    1.44074,
    1.187676,
    0.573267,
    0.472567,
    0.519,
    1.277097,
    2.836006,
    0.408648,
    1.67281,
    1.188,
    1.098444,
    1.051704,
    1.432006,
    0.80878,
    1.005685,
    1.159113,
    1.322005,
    1.134372,
    1.502177,
    1.175128,
    0.271156,
    0.419979,
    1.449206,
    1.211205,
    0.576,
    0.786403,
    1.532009,
    0.738,
    1.189801,
    0.886366,
    1.569769,
    2.029,
    1.460861,
    2.764971,
    1.382642,
    1.54,
    0.775752,
    1.212908,
    2.827,
    1.124,
    2.615062,
    1.241111,
    0.689,
    1.642839,
    0.520334,
    1.290058,
    2.588584,
    0.609895,
    2.587219,
    1.261565,
    0.74553,
    0.166,
    1.218111,
    0.397,
    1.018641,
    2.739566,
    0.593095,
    0.756826,
    0.989897,
    0.873801,
    0.799,
    0.415488,
    0.559364,
    1.298018,
    1.1,
    1.458351,
    0.681206,
    1.84854,
    0.351674,
    0.339444,
    1.446446,
    1.181466,
    0.836648,
    1.614462,
    1.263668,
    2.580576,
    1.159339,
    1.12033,
    0.403107,
    1.150614,
    2.665103,
    1.662227,
    0.918433,
    0.957358,
    0.894492,
    0.715103,
    1.565834,
    1.021763,
    0.71925,
    2.72712,
    1.524,
    1.870472,
    1.343876,
    1.227,
    1.048755,
    1.947,
    1.544,
    1.445139,
    1.294084,
    0.515086,
    1.081255,
    1.499295,
    0.946222,
    2.172334,
    1.054,
    0.839158,
    2.879,
    1.733574,
    1.886111,
    1.31,
    0.662102,
    0.69544,
    1.546,
    0.879244,
    1.763645,
    0.864,
    1.476103,
    0.851835,
    1.372692,
    1.392,
    0.499089,
    0.742886,
    1.242819,
    1.647903,
    0.771365,
    1.174334,
    1.147288,
    1.82931,
    1.700103,
    1.371,
    2.817522,
    1.696,
    1.571127,
    1.175,
    1.180074,
    0.774,
    1.3604,
    2.685,
    1.568511,
    1.122465,
    1.135,
    0.826103,
    0.551959,
    1.308946,
    0.668846,
    1.49912,
    2.506,
    0.923,
    1.032,
    1.116,
    1.044686,
    1.15479,
    0.69506,
    1.469027,
    1.024872,
    1.28916,
    1.069704,
    1.902522,
    0.444718,
    1.079903,
    0.775577,
    0.984,
    0.907,
    0.708151,
    0.30001,
    0.467024,
    0.414,
    1.474956,
    1.098804,
    2.702983,
    2.605287,
    0.938177,
    2.589443,
    1.232,
    0.391108,
    0.490999,
    0.480488,
    1.371108,
    1.801958,
    0.557609,
    0.702662,
    1.046,
    1.25242,
    1.469248,
    0.697768,
    1.634,
    1.430673,
    1.154232,
    1.066372,
    0.985114,
    0.681861,
    0.940961,
    1.143,
    1.060126,
    1.081186,
    1.559197,
    0.626496,
    1.240324,
    1.196111,
    0.992637,
    0.858,
    1.341719
  ],
  "5242880": [
    4.664764,
    12.856,
    10.651,
    3.93905,
    11.18446,
    3.744,
    12.07506,
    12.611141,
    13.234,
    8.61,
    8.860446,
    13.259,
    4.576,
    6.991,
    7.182,
    7.814284,
    14.45101,
    12.497,
    9.485,
    12.635,
    10.155,
    10.179,
    11.639,
    16.625343
  ],