{
  "1048576": [
    0.664,
    0.547668,
    0.307,
    0.553,
    0.68903,
    0.533241,
    0.36,
    0.792946,
    0.421803,
    0.315547,
    0.524964,
    0.575,
    0.33973,
    0.413635,
    0.446,
    0.35908,
    0.283,
    0.72048,
    0.49673,
    1.074904,
    0.637,
    0.558,
    0.261,
    0.438,
    1.125829,
    0.680956,
    1.183,
    0.656597,
    0.633,
    0.655,
    0.601,
    0.685897,
    0.448456,
    0.310543,
    0.872416,
    0.187,
    0.728,
    0.647,
    0.494,
    0.752021
  ],
  "51200": [
    0.386,
    0.273211,
    0.326,
    0.525489,
    0.495,
    0.281,
    0.682,
    0.335,
    0.462,
    1.05069,
    0.510823,
    0.821173,
    0.928441,
    1.243,
    0.896,
    0.639111,
    0.732,
    1.064,
    0.213672,
    0.171,
    0.207,
    0.47,
    0.457,
    0.321,
    0.549,
    0.524,
    0.796053,
    0.85475,
    0.74,
    0.439,
    0.378,
    0.54,
    0.757869,
    0.664,
    0.356,
    1.045933,
    0.395202,
    0.624073,
    0.742,
    0.301,
    0.269,
    0.428,
    0.649716,
    1.266,
    0.851,
    1.24,
    0.695522,
    0.713,
    0.48,
    1.309,
    0.935,
    0.678368,
    0.974108,
    0.475,
    0.41969,
    0.502,
    1.119136,
    0.956,
    0.54,
    0.738,
    1.092004,
    0.683754,
    0.34444,
    0.576,
    0.546778,
    0.446777,
    1.135,
    0.883742,
    1.086194,
    0.627647,
    0.68996,
    0.572,
    0.153336,
    0.433907,
    0.633027,
    1.038,
    0.551,
    0.815,
    0.475,
    0.386,
    0.727778,
    0.353,
    0.802,
    1.254058,
    0.505,
    0.826518,
    0.69597,
    1.017,
    0.840238,
    0.581,
    0.492504,
    0.679517,
    0.463111,
    0.319,
    0.21,
    0.465805,
    0.511666,
    0.46026,
    0.697,
    0.784,
    0.535,
    0.626,
    0.506,
    0.865888,
    0.853834,
    0.279,
    0.586,
    0.446451,
    0.937098,
    0.616,
    0.838905,
    0.37,
    0.218488,
    0.867628,
    0.522,
    0.711623,
    0.699,
    0.458,
    0.704,
    0.846897,
    0.521,
    0.821,
    0.634,
    0.388,
    0.523,
    0.704,
    0.906,
    0.890284,
    0.683,
    0.796571,
    1.281,
    0.832,
    0.208,
    0.654,
    0.596529,
    0.222,
    0.879,
    1.088777,
    0.299,
    0.404336,
    0.52,
    0.423773,
    0.322012,
    0.358224,
    0.628617,
    0.534,
    0.809,
    0.399,
    1.344,
    0.687,
    0.499,
    0.691,
    0.438419,
    0.453167,
    0.675714,
    0.671385,
    1.251,
    0.674,
    0.366,
    0.568107,
    0.867,
    0.3,
    0.706263,
    0.522,
    0.208885,
    0.631,
    0.346,
    0.822,
    1.003184,
    0.438,
    0.216274,
    0.256897,
    0.648069,
    0.633897,
    0.509,
    0.293388,
    1.258461,
    0.615,
    0.309,
    0.212,
    0.24392,
    0.825,
    1.281363,
    0.351448,
    1.081,
    0.635771,
    0.337769,
    0.198,
    0.611894,
    0.254,
    0.454,
    0.335486,
    1.060178,
    0.838,
    0.781,
    0.411,
    0.755066,
    0.419,
    0.783,
    0.532,
    0.791715,
    1.150114,
    0.647,
    0.326211,
    0.266085,
    0.338,
    0.317,
    0.533,
    0.407808,
    0.322897,
    0.651162,
    0.542586,
    0.732346,
    0.435,
    0.495017,
    0.497244,
    1.172917,
    0.917,
    0.474241,
    0.518307,
    0.815,
    1.177,
    0.320892,
    0.658097,
    0.76,
    0.599,
    1.191,
    0.426365,
    0.208,
    0.618237,
    0.742,
    0.812153,
    0.381,
    0.352526,
    0.563,
    0.581897,
    0.82,
    0.854,
    0.533655,
    0.53841,
    1.130292,
    0.879752,
    0.92539,
    0.740669,
    0.704522,
    0.709,
    0.73469,
    0.506908,
    0.482417,
    0.44928,
    0.983732,
    0.602,
    0.857,
    0.736,
    0.682,
    0.772569,
    0.454,
    0.795,
    0.509712,
    1.281,
    0.407612,
    0.935,
    0.696,
    0.902,
    1.096,
    0.597,
    0.543778,
    0.591,
    0.781547,
    0.398812,
    0.168833,
    0.619889,
    0.460086,
    0.388918,
    0.395955,
    0.53709,
    0.527,
    0.532,
    0.679,
    0.181,
    0.393433,
    0.376273,
    0.633,
    0.23903,
    0.542,
    0.326711,
    0.579,
    0.675,
    0.247,
    0.976,
    0.548901,
    0.611,
    0.363089,
    0.504217,
    0.581,
    0.715097,
    0.40943,
    0.74,
    0.839361,
    0.895,
    0.963,
    0.900399,
    1.009593,
    0.785871,
    0.784206,
    0.548006,
    0.658,
    0.543,
    0.882517,
    1.219,
    0.723,
    0.617,
    0.379336,
    0.753034,
    1.159,
    1.154,
    0.456464,
    1.191,
    0.61
  ],
  "5242880": [
    0.588,
    0.767816,
    0.586292,
    0.639,
    0.582037,
    0.808217,
    0.333525,
    0.391,
    1.036141,
    0.778,
    0.241424,
    0.69,
    0.561,
    1.372714,
    1.152101,
    0.638455,
    1.061341,
    0.71701,
    0.47
  ],