{
  "1048576": [
    2.38,
    2.982,
    2.37449,
    3.068351,
    2.174,
    3.671592,
    4.753,
    4.38181,
    3.784,
    2.886652,
    4.376184,
    3.072,
    4.535103,
    1.865028,
    2.484216,
    4.680832,
    2.52,
    1.343446,
    2.773,
    4.390911,
    3.201,
    0.700252,
    2.129388,
    1.828776,
    2.863,
    3.522588,
    3.015777,
    1.340164,
    2.888,
    3.475,
    4.763,
    8.102109,
    4.354327,
    2.801538,
    3.497,
    2.619503,
    3.247301,
    2.870939,
    2.776343,
    2.9,
    3.971,
    6.888781,
    4.39,
    3.312,
    4.458013,
    2.384276,
    3.65767,
    3.918,
    4.593,
    3.443794,
    3.124,
    4.263,
    4.102
  ],
  "51200": [
    0.800337,
    1.363497,
    0.76078,
    1.389332,
    2.586994,
    0.71,
    2.650011,
    1.203,
    0.976373,
    0.664448,
    0.928565,
    0.937429,
    1.464284,
    1.466642,
    2.789098,
    1.268244,
    0.684053,
    0.293148,
    1.143639,
    1.273998,
    0.525797,
    1.441805,
    2.866413,
    1.22375,
    1.007991,
    1.065935,
    0.826416,
    0.952539,
    0.731701,
    1.270005,
    1.002308,
    2.750248,
    0.457612,
    0.495642,
    0.744,
    0.467528,
    2.033,
    0.89334,
    1.42423,
    1.28931,
    0.981513,
    0.29,
    1.915,
    3.660149,
    0.54,
    2.282136,
    0.813764,
    1.447428,
    1.524,
    1.263,
    0.936964,
    1.172,
    1.247704,
    2.185556,
    1.094431,
    1.65435,
    0.915065,
    1.212065,
    0.435296,
    0.506,
    1.719876,
    2.007368,
    2.633601,
    0.618,
    0.762303,
    0.971477,
    2.55751,
    0.87495,
    1.417458,
    0.56973,
    0.88279,
    2.640493,
    0.574,
    0.808304,
    1.243127,
    0.932811,
    1.816825,
    0.763,
    0.794547,
    1.594219,
    2.754614,
    0.757388,
    1.035556,
    1.471989,
    0.797858,
    0.956979,
    0.494103,
    1.868,
    1.488669,
    2.529375,
    1.465,
    1.361206,
    1.442719,
    1.583,
    0.742,
    1.27201,
    2.74602,
    1.451414,
    0.855044,
    3.964,
    2.5529,
    1.010595,
    0.610743,
    1.516463,
    0.431226,
    1.972124,
    0.622557,
    1.322909,
    2.803824,
    1.460944,
    1.714206,
    1.18396,
    1.573429,
    0.89919,
    0.78131,
    1.1696,
    1.303336,
    1.245141,
    2.397781,
    1.760683,
    2.195,
    1.750173,
    2.112064,
    1.864095,
    0.762432,
    0.519766,
    1.43,
    1.105292,
    1.279,
    1.555826,
    1.54167,
    1.946166,
    0.472818,
    0.782277,
    0.675612,
    1.171,
    0.811208,
    1.604131,
    0.865592,
    3.341119,
    0.922,
    0.799376,
    0.874815,
    0.991,
    0.896559,
    2.760897,
    1.618995,
    1.045097,
    1.567413,
    0.534082,
    0.445,
    1.999691,
    1.233545,
    0.649924,
    2.532,
    0.495,
    1.152461,
    0.26658,
    2.556727,
    0.750799,
    0.639,
    0.985,
    2.613598,
    1.177,
    1.4814,
    1.4409,
    1.277458,
    0.71833,
    1.52675,
    3.285891,
    2.627893,
    0.600954,
    1.331805,
    0.67,
    1.121252,
    0.94523,
    0.591134,
    0.958406,
    1.406223,
    1.924084,
    1.244444,
    1.386876,
    0.533087,
    0.729716,
    0.938319,
    2.773841,
    0.406961,
    0.695071,
    1.388305,
    1.628668,
    1.804513,
    0.853494,
    1.492127,
    1.483334,
    1.479031,
    0.340608,
    0.464992,
    0.42327,
    1.002978,
    1.57792,
    0.545565,
    0.930886,
    1.00153,
    1.068279,
    0.983492,
    1.031557,
    1.537775,
    1.099095,
    0.739165,
    2.862222,
    1.285372,
    2.684726,
    0.663845,
    0.688393,
    1.614,
    0.489,
    1.193378,
    0.943,
    1.364855,
    0.841331,
    1.201465,
    0.512659,
    1.520781,
    0.90446,
    1.24984,
    2.592414,
    0.501751,
    0.763,
    1.464155,
    0.783521,
    0.949984,
    0.913024,
    1.481594,
    1.443689,
    1.617,
    2.837,
    1.643718,
    1.97093,
    0.879903,
    0.647838,
    0.857303,
    2.679534,
    1.13,
    1.21105,
    1.120756,
    1.244971,
    2.073211,
    1.699995,
    2.679156,
    1.008227,
    1.447044,
    1.175144,
    1.49,
    1.149423,
    2.759,
    2.784,
    1.577282,
    2.601897,
    0.317097,
    1.421732,
    1.442833,
    1.158,
    1.483944,
    1.815715,
    0.435509,
    0.2194,
    0.481401,
    1.95293,
    0.760203,
    1.436978,
    1.978122,
    1.00876,
    0.334,
    1.450592,
    0.43,
    2.027444,
    2.598897,
    1.511566,
    1.114807,
    1.634228,
    1.669,
    0.964,
    0.708266,
    2.797379,
    0.907589,
    1.43816,
    1.502627,
    1.15,
    1.392491,
    1.0,
    1.020016,
    0.877558,
    0.556418,
    1.422,
    0.624637,
    1.908,
    1.213,
    0.938907,
    0.745018,
    1.102086,
    1.133157
  ],
  "5242880": [
    14.430778,
    4.420479,
    38.433,
    9.322,
    10.203,
    6.396039,
    10.085,
    9.033388,
    13.545772,
    6.044,
    6.712,
    5.268,
    10.502289,
    7.948,
    7.269304,
    7.744802
  ],