{
  "1048576": [
    0.561103,
    0.681,
    0.453918,
    0.580351,
    0.454,
    0.895646,
    1.171202,
    1.020889,
    0.807,
    0.476682,
    0.876833,
    0.49,
    0.824542,
    0.395028,
    0.534685,
    1.13062,
    0.601,
    0.279,
    0.663,
    1.052006,
    0.77,
    0.125073,
    0.516904,
    0.440379,
    0.689,
    0.849161,
    0.731777,
    0.25184,
    0.668103,
    0.86,
    1.035,
    0.878811,
    1.030067,
    0.595044,
    0.833022,
    0.417503,
    0.707752,
    0.693315,
    0.66988,
    0.714802,
    0.586,
    0.582,
    1.01,
    0.761,
    1.06067,
    0.563276,
    0.789432,
    0.870182,
    1.128,
    0.828223,
    0.599055,
    0.965,
    0.982
  ],
  "51200": [
    0.387103,
    0.806229,
    0.438,
    0.771,
    1.062994,
    0.37,
    1.105092,
    0.523,
    0.545701,
    0.38525,
    0.553262,
    0.545429,
    0.778549,
    0.799715,
    2.577807,
    0.709109,
    0.322009,
    0.164,
    0.521178,
    0.619998,
    0.271737,
    0.714,
    2.276413,
    0.596123,
    0.587,
    0.55,
    0.459,
    0.562033,
    0.43884,
    0.646,
    0.51852,
    1.218513,
    0.386,
    0.29,
    0.454026,
    0.267,
    0.914,
    0.535,
    0.717207,
    0.56131,
    0.56307,
    0.183,
    0.924,
    3.159,
    0.313913,
    1.080136,
    0.384173,
    0.68423,
    0.648,
    0.706,
    0.464432,
    0.504,
    0.83,
    1.055,
    0.589183,
    0.805738,
    0.560175,
    0.689,
    0.292,
    0.314973,
    0.957111,
    0.890265,
    1.09,
    0.327254,
    0.378303,
    0.514477,
    1.017724,
    0.520367,
    0.685458,
    0.313234,
    0.369,
    1.11,
    0.309253,
    0.421135,
    0.492,
    0.512197,
    1.035114,
    0.448,
    0.484648,
    0.889,
    1.229614,
    0.396013,
    0.572,
    0.735111,
    0.386889,
    0.507691,
    0.291,
    0.802195,
    0.717621,
    1.004139,
    0.594,
    0.817561,
    0.823,
    0.796,
    0.446,
    0.655256,
    1.20975,
    0.747568,
    0.466,
    2.911,
    1.014532,
    0.520484,
    0.362539,
    0.715,
    0.254648,
    0.825,
    0.258253,
    0.497,
    1.272846,
    0.838,
    0.941917,
    0.614,
    0.96735,
    0.536457,
    0.535,
    0.615,
    0.829,
    0.732,
    1.304,
    0.984807,
    1.068,
    0.930821,
    1.167584,
    1.077095,
    0.374653,
    0.3079,
    0.647739,
    0.495529,
    0.582,
    0.697494,
    0.766052,
    0.849154,
    0.316844,
    0.471781,
    0.411,
    0.532,
    0.46928,
    0.804131,
    0.501,
    1.409,
    0.523781,
    0.348064,
    0.504254,
    0.514,
    0.424559,
    1.237897,
    0.842862,
    0.576097,
    0.761,
    0.30619,
    0.269,
    0.850962,
    0.567,
    0.376886,
    1.007,
    0.315,
    0.546022,
    0.171487,
    1.040226,
    0.536358,
    0.271339,
    0.536,
    1.075675,
    0.562,
    0.708631,
    0.654162,
    0.568678,
    0.346111,
    0.709,
    1.338344,
    1.110342,
    0.346922,
    0.681805,
    0.348,
    0.498251,
    0.375521,
    0.323995,
    0.589,
    0.609,
    0.901187,
    0.62732,
    0.751917,
    0.298262,
    0.337,
    0.449319,
    1.227803,
    0.251713,
    0.340385,
    0.753,
    0.834657,
    0.905,
    0.472222,
    0.694845,
    0.558,
    0.712715,
    0.214,
    0.291087,
    0.270034,
    0.4,
    0.718069,
    0.273027,
    0.486,
    0.567534,
    0.477803,
    0.433032,
    0.537637,
    0.796021,
    0.594095,
    0.392276,
    1.31,
    0.746,
    1.159623,
    0.311857,
    0.377897,
    0.844672,
    0.314284,
    0.576248,
    0.523,
    0.620855,
    0.424001,
    0.580465,
    0.287362,
    0.759781,
    0.384798,
    0.56474,
    1.089583,
    0.294169,
    0.392,
    0.626155,
    0.516787,
    0.484764,
    0.458,
    0.743897,
    0.890341,
    0.835452,
    1.31,
    0.820374,
    0.937307,
    0.501,
    0.350514,
    0.482278,
    1.136788,
    0.615,
    0.64255,
    0.589,
    0.670693,
    0.943898,
    0.776,
    1.138,
    0.568447,
    0.83992,
    0.556702,
    0.838,
    0.674287,
    1.231,
    1.25004,
    0.779,
    1.061871,
    0.19451,
    0.642004,
    0.791616,
    0.547,
    0.554944,
    0.974001,
    0.249,
    0.144,
    0.254496,
    0.825292,
    0.355,
    0.654123,
    0.906249,
    0.540374,
    0.210612,
    0.679,
    0.267,
    0.890029,
    1.084,
    0.739682,
    0.627,
    0.847776,
    0.884,
    0.536,
    0.498745,
    1.272103,
    0.498938,
    0.824,
    0.927,
    0.655,
    0.737645,
    0.563,
    0.614931,
    0.485762,
    0.431012,
    0.802,
    0.381715,
    1.597,
    0.599,
    0.534457,
    0.417396,
    0.659838,
    0.646
  ],
  "5242880": [
    0.984583,
    0.299123,
    1.043,
    1.023745,
    1.01112,
    0.54493,
    0.575,
    0.535388,
    0.668879,
    0.286362,
    0.361111,
    0.336,
    1.03188,
    0.672,
    0.562322,
    0.685375
  ],