{
  "1048576": [
    0.643486,
    0.441,
    0.623,
    0.465,
    0.724,
    0.438103,
    0.621172,
    0.586636,
    0.924,
    0.482,
    1.040237,
    0.69835,
    0.764,
    0.872716,
    0.845169,
    0.693,
    0.649,
    0.816,
    0.562,
    0.615714,
    0.6473,
    1.044,
    0.765,
    0.646,
    0.657,
    0.749,
    0.142445,
    0.684,
    0.447,
    0.848,
    0.349776,
    0.340267,
    0.842,
    0.375,
    1.054,
    0.885149,
    0.954468,
    0.616,
    0.704,
    0.128,
    0.371,
    0.744,
    0.946597,
    0.695,
    0.63291,
    0.224,
    0.513768,
    0.978243,
    0.861373,
    0.932948,
    0.457602,
    0.851
  ],
  "51200": [
    0.343,
    0.221162,
    0.578889,
    0.664838,
    0.653,
    0.431353,
    0.61,
    0.793,
    0.483,
    1.219864,
    0.421664,
    0.69,
    0.558,
    0.721838,
    0.645,
    0.644,
    0.664,
    0.299,
    0.253,
    0.437,
    0.317,
    0.301,
    0.676,
    0.512295,
    0.378395,
    0.436448,
    0.512,
    0.704,
    0.728,
    0.769,
    0.817493,
    0.185,
    0.740965,
    0.837,
    0.317,
    0.565,
    0.837199,
    0.271,
    0.290994,
    0.582505,
    1.318,
    0.98,
    0.458272,
    0.691279,
    0.717,
    0.703,
    0.481,
    1.074,
    1.125,
    0.82,
    1.021,
    0.743,
    0.512,
    0.727,
    0.897,
    0.545,
    1.006,
    0.439,
    0.196669,
    0.415571,
    0.253,
    0.497,
    0.421,
    0.694647,
    0.487182,
    0.614,
    0.416349,
    0.182765,
    0.307,
    0.60712,
    0.639,
    0.752915,
    0.34332,
    0.374,
    0.367,
    0.624,
    0.584,
    0.793,
    0.631,
    0.451874,
    0.252,
    0.182889,
    0.68389,
    1.030694,
    0.682,
    0.467,
    0.457,
    0.375,
    0.84,
    0.664276,
    0.624,
    1.162484,
    1.213,
    1.065649,
    0.588,
    0.168,
    0.636286,
    0.414,
    0.625922,
    0.527,
    0.342907,
    0.581,
    0.697,
    0.829876,
    0.884271,
    0.469,
    0.680885,
    0.589,
    0.537897,
    1.251,
    0.75,
    0.604592,
    0.814422,
    0.569,
    0.545,
    0.844234,
    0.567,
    0.539,
    1.301,
    0.704,
    0.412679,
    0.798,
    0.275111,
    0.305,
    0.754,
    0.512,
    0.595,
    0.411,
    0.299306,
    0.357224,
    0.661,
    1.020506,
    1.144,
    0.381,
    0.523686,
    0.493388,
    0.465448,
    0.398567,
    0.525,
    0.836,
    0.559,
    0.753,
    0.504111,
    0.191356,
    0.19,
    0.202,
    0.527242,
    0.745446,
    0.616879,
    0.385,
    1.044566,
    0.71,
    0.372724,
    0.441,
    0.140517,
    0.267028,
    0.666,
    0.652,
    0.60338,
    0.342141,
    0.691636,
    0.333,
    0.587355,
    0.615185,
    0.615409,
    0.634409,
    0.25778,
    0.54884,
    0.502712,
    0.382,
    0.304653,
    0.751,
    0.793244,
    1.016804,
    0.567023,
    0.595,
    0.692075,
    0.586,
    0.173,
    1.0,
    0.505,
    0.79,
    0.333481,
    0.836558,
    0.333774,
    0.605325,
    0.474762,
    0.682278,
    0.473,
    0.693939,
    0.517,
    0.77,
    0.274,
    0.263,
    0.472,
    0.735,
    0.318,
    0.601,
    0.528,
    1.257,
    0.90216,
    0.647983,
    0.905512,
    1.0115,
    0.547,
    0.74272,
    1.16,
    0.801849,
    0.618,
    0.97,
    1.159,
    0.458103,
    0.46531,
    0.681,
    0.402542,
    0.658,
    0.678453,
    0.24,
    0.957289,
    0.351214,
    0.252,
    0.618076,
    1.25001,
    0.843281,
    0.416,
    0.546,
    0.618988,
    1.001,
    1.279,
    0.520897,
    0.604,
    0.747,
    0.867,
    0.704,
    0.372,
    0.919154,
    0.421601,
    0.423,
    0.471,
    0.600206,
    0.457863,
    0.290773,
    0.693146,
    0.795,
    1.263,
    0.37725,
    0.650916,
    0.581,
    1.049,
    0.833,
    0.492425,
    0.946,
    0.85469,
    0.872,
    0.631897,
    0.995381,
    0.882956,
    0.3426,
    0.572,
    0.573,
    0.831071,
    0.201206,
    0.743,
    0.521,
    0.663666,
    0.551,
    0.259,
    0.593,
    0.857284,
    0.984456,
    0.593,
    0.263,
    0.549,
    1.07518,
    0.105166,
    0.650236,
    0.691,
    0.65012,
    0.486,
    0.590971,
    0.273,
    0.33,
    0.514,
    0.567,
    0.458,
    0.433682,
    0.821,
    1.099,
    0.614,
    0.507,
    0.812,
    1.268926,
    0.770601,
    0.88775,
    0.904,
    0.91313,
    0.585,
    0.678,
    0.793,
    0.368908,
    0.73,
    0.483,
    0.740215,
    1.148558,
    0.421124,
    1.235,
    0.662
  ],
  "5242880": [
    0.722,
    1.043,
    1.01279,
    0.877981,
    0.693,
    0.444679,
    0.84489,
    0.782,
    0.558,
    0.438,
    0.135203,
    0.467831,
    0.813,
    0.838,
    0.796124,
    0.909079,
    1.246855,
    0.654889,
    0.32599
  ],