{
  "1048576": [
    2.613486,
    2.76091,
    3.040518,
    2.118,
    3.036,
    2.013,
    2.670172,
    2.987,
    3.921552,
    2.016,
    4.417237,
    3.255268,
    3.312,
    3.805761,
    3.57444,
    2.939,
    2.851,
    3.671102,
    2.874876,
    2.507,
    2.607319,
    4.48,
    3.209,
    2.774111,
    2.737,
    3.046,
    0.690305,
    2.712,
    1.879,
    3.435936,
    1.516472,
    1.964,
    3.463,
    1.83,
    4.444,
    3.967,
    4.343,
    10.351,
    2.976,
    0.77,
    1.658,
    3.046,
    3.827597,
    3.319,
    2.63091,
    1.155,
    2.415768,
    4.389,
    3.792,
    4.001,
    2.147897,
    3.578
  ],
  "51200": [
    0.758431,
    0.32359,
    1.199889,
    1.448684,
    1.271,
    0.902009,
    1.341,
    1.833,
    0.952612,
    2.751771,
    0.999,
    0.943,
    0.73626,
    1.48707,
    1.485233,
    1.268409,
    1.437818,
    0.502,
    0.487,
    1.022841,
    0.670903,
    0.563811,
    1.515231,
    0.980506,
    0.657099,
    0.655556,
    0.895337,
    1.41,
    1.155646,
    1.320175,
    1.677213,
    0.261808,
    1.505247,
    1.605,
    0.546865,
    1.284903,
    1.860234,
    0.569,
    0.657,
    1.386021,
    2.852,
    1.694,
    0.910176,
    1.331876,
    1.499248,
    1.114,
    0.795755,
    2.62,
    2.268126,
    1.531733,
    1.799263,
    1.306408,
    1.101476,
    1.342419,
    1.67,
    0.958,
    1.82,
    0.850206,
    0.34684,
    0.769571,
    0.428407,
    1.119756,
    0.827,
    1.478767,
    0.873182,
    1.304889,
    0.636876,
    0.354777,
    0.55695,
    1.459,
    1.419,
    1.633,
    0.70032,
    0.581,
    0.662462,
    1.237,
    1.011,
    1.625978,
    1.097,
    0.862028,
    0.42,
    0.266889,
    1.464112,
    2.563458,
    1.507535,
    0.946,
    0.826559,
    0.637559,
    1.630349,
    1.187476,
    1.334103,
    2.70089,
    2.753165,
    2.592477,
    1.207136,
    0.261419,
    1.412473,
    1.035,
    1.497,
    0.961,
    0.757907,
    1.473597,
    1.202122,
    1.439279,
    1.542774,
    0.786807,
    1.299885,
    1.066954,
    0.872,
    2.775311,
    1.439374,
    1.105156,
    1.522516,
    1.116984,
    1.187,
    1.461953,
    0.956,
    1.102,
    2.833611,
    1.409214,
    0.767,
    1.555,
    0.446764,
    0.486194,
    1.777903,
    0.847,
    1.416612,
    0.801619,
    0.527766,
    0.529637,
    1.311138,
    2.337384,
    2.690106,
    0.64439,
    0.935934,
    0.900644,
    0.807448,
    0.710153,
    0.988216,
    1.602103,
    1.029588,
    1.63,
    1.037,
    0.314867,
    0.284983,
    0.410317,
    0.95596,
    1.197873,
    1.456681,
    0.797242,
    1.921566,
    1.471978,
    0.791296,
    0.901109,
    0.261806,
    0.38864,
    1.442,
    1.447,
    1.200102,
    0.719855,
    1.472538,
    0.711,
    1.386438,
    1.039937,
    1.231407,
    1.247645,
    0.41978,
    0.894539,
    1.136,
    0.729,
    0.562043,
    1.69083,
    1.259442,
    2.540966,
    1.17838,
    1.255,
    1.475764,
    0.983211,
    0.344745,
    2.534594,
    1.201008,
    1.568103,
    0.745781,
    1.612418,
    0.520483,
    1.227222,
    0.807709,
    1.237951,
    0.839544,
    1.504753,
    1.020474,
    1.591296,
    0.531,
    0.501,
    1.168216,
    1.682,
    0.670352,
    1.269592,
    1.001326,
    2.792539,
    1.674568,
    1.176983,
    2.82106,
    2.137636,
    1.041408,
    1.24751,
    2.686,
    1.563284,
    0.94248,
    2.093,
    2.694,
    0.760876,
    0.850503,
    1.491,
    0.841472,
    1.427755,
    1.449453,
    0.422897,
    2.091424,
    0.77522,
    0.551,
    1.433398,
    2.790878,
    1.471281,
    0.891396,
    0.950524,
    1.322065,
    2.129316,
    2.807019,
    1.032897,
    1.167408,
    1.558003,
    1.938103,
    1.321369,
    0.675116,
    2.006784,
    0.846,
    0.744,
    0.843103,
    1.058305,
    0.877201,
    0.436474,
    1.356255,
    1.585038,
    2.789925,
    0.62726,
    1.302007,
    1.064433,
    2.073997,
    1.450066,
    0.813097,
    1.729,
    1.666503,
    1.59232,
    1.194305,
    1.991671,
    1.729794,
    0.754794,
    1.184,
    1.175106,
    1.618252,
    0.309539,
    1.81,
    0.692,
    1.50914,
    1.360657,
    0.453105,
    1.393033,
    1.986357,
    2.521456,
    1.292,
    0.648724,
    1.214833,
    2.620486,
    0.162166,
    1.263428,
    1.462989,
    1.436,
    1.098111,
    1.014082,
    0.545,
    0.77,
    1.274251,
    1.054676,
    0.788055,
    0.782807,
    1.419788,
    2.185111,
    1.064,
    0.912,
    1.631,
    2.818,
    1.365722,
    1.545,
    1.705012,
    1.52813,
    1.078952,
    1.05,
    1.604111,
    0.575,
    1.345967,
    0.819,
    1.378215,
    2.371636,
    0.694,
    2.770964,
    1.469903
  ],
  "5242880": [
    10.146,
    13.89,
    12.736,
    11.797981,
    8.168111,
    6.693,
    8.798,
    10.454,
    7.726,
    6.797,
    3.413112,
    8.232,
    12.492,
    8.456,
    8.467,
    12.312517,
    13.396079,
    8.722889,
    3.648336
  ],