{
  "1048576": [
    0.489818,
    0.571,
    0.8,
    0.255,
    0.608,
    1.112,
    1.308,
    1.303,
    0.885608,
    0.438,
    0.841383,
    0.664,
    1.132,
    0.643484,
    0.541,
    1.13788,
    0.506876,
    0.507117,
    0.3,
    1.299,
    0.62,
    0.644,
    0.543,
    0.875,
    0.346932,
    0.966,
    0.671342,
    0.826088,
    0.937979,
    0.521,
    0.644,
    0.397897,
    0.310801,
    0.341,
    0.589,
    0.22986,
    0.219329,
    0.31,
    0.647111,
    0.697,
    0.55,
    1.051,
    0.980108,
    0.792,
    0.806,
    0.509232
  ],
  "51200": [
    0.537646,
    0.656216,
    0.196,
    0.208998,
    0.852,
    0.558794,
    0.433351,
    0.72,
    0.558,
    0.912,
    0.336,
    0.507,
    0.675725,
    0.528148,
    1.113433,
    0.576182,
    0.938,
    0.634936,
    0.741,
    0.378,
    0.460535,
    0.78436,
    0.461919,
    1.061781,
    0.467251,
    0.654,
    0.819364,
    0.743777,
    0.361932,
    0.466,
    0.6,
    0.459,
    0.476,
    0.836289,
    0.984631,
    0.201,
    0.427,
    0.262,
    0.533,
    0.242,
    0.515146,
    0.593,
    0.365,
    0.634647,
    0.513,
    0.313755,
    0.556,
    1.124,
    0.252,
    0.675,
    1.08,
    0.513,
    1.239831,
    0.422214,
    0.496,
    0.794,
    0.481625,
    0.807781,
    0.30194,
    0.261,
    0.366338,
    0.376877,
    0.396205,
    0.397,
    1.036,
    0.76706,
    0.359,
    0.73499,
    0.532,
    0.21,
    0.828,
    0.315,
    0.69,
    1.034,
    0.983006,
    0.499141,
    0.2978,
    0.48,
    0.801,
    0.717618,
    0.584828,
    0.503,
    0.376,
    1.217189,
    0.681,
    0.445,
    0.614097,
    0.394,
    0.275,
    0.656527,
    0.393807,
    0.639266,
    0.494,
    0.2566,
    0.318369,
    0.866446,
    0.491,
    0.632284,
    0.774,
    0.774522,
    0.574388,
    0.314203,
    0.299272,
    0.259,
    0.467,
    1.305,
    0.384,
    0.89666,
    0.624111,
    0.541008,
    0.573,
    0.758,
    0.388,
    0.558401,
    0.550989,
    0.700776,
    0.595,
    0.838177,
    0.689128,
    0.179292,
    0.25028,
    0.678,
    0.517302,
    0.305344,
    0.384,
    0.62876,
    0.427,
    0.59796,
    0.446528,
    0.794199,
    1.106,
    0.656,
    1.232,
    0.761625,
    0.771,
    0.444752,
    0.575,
    1.286,
    0.66,
    1.086,
    0.614979,
    0.391,
    0.863876,
    0.242,
    0.573,
    1.05,
    0.316974,
    1.048839,
    0.518,
    0.324,
    0.136112,
    0.607,
    0.227,
    0.419,
    1.218342,
    0.334,
    0.341,
    0.506,
    0.408,
    0.507826,
    0.236886,
    0.296819,
    0.660597,
    0.621,
    0.66922,
    0.303,
    0.809,
    0.243037,
    0.205,
    0.667,
    0.594,
    0.409648,
    0.85,
    0.568999,
    1.047,
    0.528833,
    0.562,
    0.231996,
    0.541387,
    1.118,
    0.710446,
    0.440313,
    0.527103,
    0.607,
    0.472,
    0.788045,
    0.634,
    0.449495,
    1.189,
    0.718,
    0.885348,
    0.731,
    0.594,
    0.515,
    0.832,
    0.693,
    0.664,
    0.5204,
    0.422,
    0.446255,
    0.84154,
    0.475254,
    1.109,
    0.539,
    0.37443,
    1.33803,
    0.924,
    0.893,
    0.681,
    0.35311,
    0.377,
    0.761,
    0.504,
    0.881,
    0.495,
    0.67,
    0.42197,
    0.756377,
    0.777482,
    0.261,
    0.466093,
    0.531,
    0.713,
    0.343,
    0.504,
    0.603903,
    1.007284,
    0.925,
    0.705,
    1.282,
    0.919,
    0.879968,
    0.713,
    0.692715,
    0.586,
    0.723,
    1.151,
    0.791033,
    0.702,
    0.679,
    0.448,
    0.308673,
    0.684996,
    0.44837,
    0.715317,
    1.108,
    0.55,
    0.645,
    0.635,
    0.601,
    0.666,
    0.46438,
    0.801518,
    0.622872,
    0.672,
    0.508,
    0.908,
    0.276718,
    0.479,
    0.37,
    0.564,
    0.439,
    0.332729,
    0.205,
    0.227103,
    0.235,
    0.708102,
    0.488804,
    1.156133,
    1.065,
    0.467778,
    1.052861,
    0.608,
    0.269471,
    0.269,
    0.280488,
    0.586,
    0.86,
    0.28572,
    0.349,
    0.508,
    0.773,
    0.838,
    0.399,
    0.865,
    0.780762,
    0.637,
    0.502372,
    0.62,
    0.518,
    0.529,
    0.602101,
    0.509015,
    0.602186,
    0.754197,
    0.317,
    0.64801,
    0.575,
    0.553,
    0.464,
    0.648784
  ],
  "5242880": [
    0.298764,
    1.221798,
    0.843,
    0.24805,
    0.931683,
    0.31,
    1.171634,
    1.204619,
    0.908,
    0.497,
    0.553461,
    0.918,
    0.34,
    0.562,
    0.579,
    0.667812,
    0.91501,
    0.881,
    0.711,
    0.963,
    0.64,
    0.803,
    0.772528,
    1.092514
  ],