{
  "1048576": [
    0.317539,
    0.39,
    0.473,
    0.808,
    0.689,
    0.644374,
    0.59,
    0.298,
    0.59261,
    0.162,
    0.247038,
    0.939,
    0.722297,
    0.857,
    0.681847,
    0.628,
    0.733587,
    0.498103,
    0.792,
    0.761,
    0.579,
    0.519528,
    0.693287,
    0.628,
    0.634,
    0.457909,
    0.244759,
    0.229778,
    0.598743,
    0.270223,
    1.063823,
    0.626,
    0.876539,
    0.431702,
    0.583,
    0.675338,
    0.709187,
    1.082,
    1.301,
    0.651,
    0.342794,
    1.291,
    0.560897,
    0.679725
  ],
  "51200": [
    0.481124,
    0.232882,
    0.919439,
    0.286276,
    0.239178,
    0.808,
    1.013,
    0.264,
    1.04,
    0.437,
    0.538227,
    0.749405,
    0.482365,
    0.803,
    0.816,
    1.292,
    0.900039,
    1.29,
    0.769,
    0.384514,
    0.29,
    0.634,
    0.464776,
    0.459,
    0.715,
    0.353,
    0.527,
    0.732302,
    0.751,
    0.510339,
    0.781,
    1.223,
    0.463,
    1.187,
    0.671839,
    0.26,
    0.593,
    0.568,
    0.548,
    0.64,
    0.84,
    0.808151,
    0.644,
    0.537,
    0.579,
    0.596,
    0.617097,
    0.613874,
    1.002,
    0.656,
    0.508931,
    0.747558,
    0.494033,
    0.473688,
    0.514853,
    0.888,
    0.56,
    0.609903,
    0.594,
    0.726424,
    0.404692,
    0.283103,
    0.836064,
    0.465,
    0.264,
    1.033266,
    0.246215,
    0.233,
    1.05,
    0.277193,
    0.442189,
    0.500659,
    0.954376,
    0.432762,
    0.43304,
    0.911,
    0.737,
    0.401556,
    0.463,
    0.631,
    0.646,
    0.826458,
    0.404,
    0.367,
    1.046,
    0.348,
    0.692,
    0.720744,
    0.756712,
    0.578648,
    0.643071,
    0.369316,
    0.571531,
    0.313388,
    0.794211,
    1.068,
    0.33,
    0.567,
    0.561,
    0.631316,
    0.435,
    1.045,
    0.484,
    0.958,
    0.649,
    1.338,
    0.78223,
    0.923419,
    0.873,
    0.451393,
    0.79,
    1.038654,
    0.571881,
    0.495,
    0.606098,
    0.752,
    0.588,
    0.850654,
    0.461,
    0.649128,
    0.754073,
    1.086738,
    0.532,
    0.525049,
    0.307,
    0.429723,
    0.953,
    0.457832,
    0.768,
    0.42,
    0.582306,
    0.742,
    0.460665,
    0.62,
    0.820934,
    0.976,
    0.549675,
    0.565983,
    0.511,
    1.177,
    1.019834,
    0.172,
    0.786,
    0.883397,
    0.359022,
    0.896172,
    0.610281,
    0.707816,
    0.318897,
    0.17,
    0.22,
    0.273,
    0.445461,
    1.009483,
    1.04,
    0.753986,
    0.381,
    0.703112,
    0.52,
    0.660414,
    0.378,
    0.654619,
    0.38,
    0.69,
    0.598064,
    0.265,
    0.257,
    0.472,
    1.076,
    0.560222,
    0.301222,
    0.087684,
    0.315,
    0.326,
    0.259,
    1.010661,
    0.63553,
    0.275,
    0.51286,
    0.515,
    0.662167,
    0.498,
    0.609,
    0.629903,
    1.159,
    0.890224,
    0.812897,
    0.741,
    1.002394,
    0.191556,
    0.282,
    0.336128,
    1.136,
    0.307,
    1.257745,
    0.46845,
    1.099576,
    0.831,
    0.797,
    0.81,
    0.871,
    1.304,
    0.478066,
    0.913434,
    0.672696,
    0.407103,
    0.344454,
    0.9458,
    0.651,
    0.794,
    0.615,
    1.099,
    0.183,
    0.305028,
    0.640752,
    0.498,
    1.056,
    0.489,
    0.35,
    0.584,
    0.962889,
    0.334429,
    0.59,
    0.565626,
    0.72,
    0.929,
    0.755,
    0.366134,
    0.26485,
    0.745,
    0.62,
    0.473,
    0.441,
    0.578,
    0.385695,
    0.338618,
    0.74,
    0.748266,
    0.3,
    0.878,
    1.139,
    0.384,
    1.157257,
    0.834649,
    1.305,
    0.649,
    0.381,
    0.500356,
    0.494,
    0.69,
    0.673479,
    0.824,
    0.625,
    0.952,
    0.325,
    0.762,
    0.681422,
    0.282795,
    0.443,
    0.324,
    0.626,
    1.109889,
    0.576621,
    0.978271,
    0.565805,
    0.331302,
    0.638896,
    0.161936,
    1.078237,
    0.268752,
    0.253,
    0.612,
    0.353045,
    0.2,
    0.290061,
    0.498538,
    0.68,
    0.847002,
    0.331905,
    0.371,
    0.535233,
    0.484644,
    0.873124,
    0.470303,
    0.928,
    0.65,
    0.945111,
    0.609,
    0.809,
    1.279,
    0.471,
    0.552,
    0.734,
    0.532217,
    0.574,
    0.55,
    0.317175,
    0.441,
    0.466,
    0.478,
    0.78007,
    0.496,
    0.689111
  ],
  "5242880": [
    0.643,
    0.504678,
    1.006,
    0.310469,
    1.12652,
    0.439592,
    0.521773,
    0.322862,
    0.589902,
    0.899164,
    1.028,
    0.571636,
    0.660883,
    0.573014,
    0.394,
    0.33619,
    0.420612,
    0.698,
    0.778,
    0.452637,
    0.605993,
    0.705,
    0.378,
    0.537149,
    0.89609,
    0.535208,
    0.794988,
    0.899238
  ],