{
  "1048576": [
    0.31211,
    0.564,
    0.35,
    1.151,
    1.001,
    0.714957,
    0.728857,
    0.982,
    0.301218,
    0.701,
    0.545,
    0.784538,
    0.714,
    0.600323,
    0.657763,
    0.281,
    0.798,
    1.186,
    0.303,
    0.487897,
    0.629,
    0.188,
    0.851962,
    0.901388,
    1.281021,
    1.293995,
    0.777,
    1.09457,
    0.184023,
    0.63644,
    0.324,
    0.443424,
    0.772212,
    0.656062,
    0.707171,
    0.366,
    1.272,
    0.747515,
    1.032,
    0.922,
    0.514936,
    0.307,
    1.006,
    0.818725,
    0.846194,
    0.417057,
    0.733666,
    0.436654,
    0.674642,
    1.08614,
    0.586,
    0.884,
    0.934,
    0.726,
    0.39326,
    0.79313,
    0.152,
    0.750124,
    0.824,
    1.361,
    0.675,
    1.010756,
    0.444138
  ],
  "51200": [
    0.574,
    0.313,
    0.237,
    0.863,
    0.393361,
    0.281,
    0.674702,
    1.218108,
    0.852348,
    0.45,
    0.54,
    0.624541,
    0.68,
    0.982,
    1.252,
    0.787,
    0.382047,
    0.604,
    0.214443,
    0.198,
    0.475177,
    0.807,
    0.352736,
    0.489,
    1.226,
    0.384,
    0.534,
    0.489,
    0.669,
    0.499,
    1.24403,
    0.694,
    0.661339,
    0.244296,
    0.367519,
    0.603534,
    1.061,
    0.547,
    0.346,
    0.543256,
    0.724838,
    0.699,
    0.719266,
    0.38,
    1.126065,
    0.233,
    1.055,
    0.859,
    1.255,
    0.742949,
    0.834498,
    0.923655,
    0.912,
    0.681,
    0.56574,
    0.958729,
    1.30999,
    0.207,
    0.63703,
    0.664083,
    0.280223,
    0.808,
    1.032,
    0.665,
    0.594,
    0.292419,
    0.181,
    0.684912,
    0.313919,
    0.719,
    0.325005,
    0.565,
    0.735928,
    0.719,
    0.315,
    0.783424,
    0.338214,
    0.605211,
    0.555,
    0.349,
    0.552,
    0.853,
    0.386219,
    0.518,
    0.560371,
    0.253,
    0.4919,
    0.482821,
    0.784802,
    0.39,
    0.549946,
    0.751968,
    0.457277,
    0.637,
    0.946,
    1.233,
    1.187233,
    0.750959,
    1.151194,
    0.348,
    0.194583,
    0.652172,
    0.544097,
    0.437,
    0.302881,
    0.347891,
    0.457391,
    0.608,
    0.816572,
    0.351324,
    0.581562,
    0.903,
    0.492,
    0.696209,
    1.448726,
    0.77,
    0.769662,
    0.92713,
    0.52481,
    0.915562,
    1.253,
    0.835,
    0.368,
    0.546442,
    0.237674,
    0.915,
    0.367671,
    0.669,
    1.032,
    0.806,
    0.676051,
    0.359,
    0.263,
    0.803,
    0.785379,
    0.658877,
    0.736897,
    0.350775,
    0.487602,
    0.695158,
    0.782,
    0.881,
    0.505,
    0.718,
    0.560147,
    0.586639,
    0.707185,
    0.317,
    0.452184,
    0.47565,
    0.665773,
    0.478458,
    0.536579,
    0.525,
    0.142876,
    0.686,
    0.274,
    0.820228,
    0.662,
    0.359711,
    1.086,
    0.48881,
    0.367647,
    0.38,
    0.481754,
    0.227,
    0.714,
    0.842,
    0.953,
    1.251942,
    0.585648,
    0.420066,
    0.762838,
    0.652288,
    0.291441,
    0.85,
    0.819867,
    0.358839,
    0.573,
    0.452229,
    0.641088,
    0.603027,
    0.669,
    0.460815,
    0.499522,
    0.312,
    0.750515,
    0.508,
    0.933,
    0.454,
    0.409,
    1.016284,
    0.651,
    0.517879,
    0.665867,
    1.017897,
    0.604343,
    0.171227,
    0.341,
    0.655,
    0.720737,
    0.393,
    0.849889,
    1.269,
    0.813,
    0.859,
    0.53,
    0.666,
    1.346909,
    1.036,
    0.330706,
    0.360624,
    0.763,
    0.79,
    0.395,
    0.672,
    0.794645,
    0.612,
    0.637054,
    0.244,
    0.357549,
    0.67853,
    0.544897,
    0.597,
    1.018,
    0.491,
    1.215,
    0.786,
    0.652374,
    0.619578,
    0.331,
    0.367,
    0.44,
    0.892,
    1.116,
    1.18884,
    0.719284,
    0.659,
    0.683,
    0.342,
    0.287236,
    0.770917,
    0.909602,
    0.736043,
    0.593,
    0.546,
    0.753,
    0.776014,
    0.881,
    0.740876,
    0.695,
    0.663,
    1.017326,
    0.980111,
    1.483,
    1.053513,
    0.15272,
    0.85191,
    0.772,
    0.613,
    0.983496,
    0.911711,
    0.34,
    0.575937,
    0.632103,
    0.256,
    0.556,
    0.492,
    0.830438,
    0.597,
    0.741841,
    0.673838,
    0.673,
    0.388,
    0.429152,
    1.245,
    0.589,
    0.377,
    0.662199,
    0.400345,
    1.04,
    0.654006,
    0.558,
    0.804129,
    0.726,
    0.60024,
    0.57,
    0.917,
    0.983571,
    0.577936,
    0.854,
    0.83619,
    0.746664,
    0.784,
    0.431504,
    0.861,
    1.182,
    0.688306
  ],
  "5242880": [
    0.783,
    1.163,
    0.418897,
    0.803,
    0.926,
    0.303,
    0.536,
    0.313,
    0.682411,
    0.262526,
    1.05,
    1.46,
    0.821,
    1.196387,
    0.994,
    0.769,
    0.516
  ],