{
  "1048576": [
    1.353,
    2.379,
    1.651,
    4.815523,
    4.420512,
    2.964957,
    3.08,
    4.009124,
    1.291,
    2.918,
    2.154,
    3.314114,
    3.377,
    2.729884,
    2.637,
    1.365,
    3.393,
    4.778,
    1.246,
    2.226897,
    2.818,
    0.979,
    3.51728,
    4.044388,
    5.137021,
    5.281995,
    3.499,
    4.503611,
    0.91567,
    2.638,
    1.518,
    1.952,
    3.123765,
    3.07179,
    2.857171,
    1.569,
    5.158876,
    3.009515,
    4.374,
    4.028,
    2.404936,
    1.37,
    4.361,
    3.679,
    3.543194,
    1.788057,
    3.053,
    1.896654,
    2.839491,
    4.52014,
    2.437,
    4.088,
    4.167,
    2.964,
    1.85826,
    3.30113,
    0.724,
    3.184,
    3.727,
    9.759,
    2.951,
    4.063756,
    2.314179
  ],
  "51200": [
    1.203057,
    0.589,
    0.445913,
    1.988643,
    0.814943,
    0.506,
    1.349826,
    2.751628,
    1.487,
    0.744238,
    1.01476,
    1.214938,
    1.30558,
    1.755938,
    2.775223,
    1.49,
    0.783443,
    1.2129,
    0.31994,
    0.365,
    1.091,
    1.873988,
    0.756814,
    0.940657,
    2.765289,
    0.55,
    0.958156,
    0.708525,
    1.291545,
    0.85177,
    2.78603,
    1.522248,
    1.272442,
    0.495296,
    0.708909,
    1.410338,
    2.586391,
    1.35812,
    0.710195,
    1.173966,
    1.320838,
    1.52087,
    1.237388,
    0.977,
    2.669065,
    0.493089,
    2.606881,
    1.353662,
    2.807284,
    1.306461,
    1.440222,
    1.991655,
    1.682124,
    1.272238,
    1.12174,
    1.730838,
    2.855627,
    0.405,
    1.245011,
    1.320307,
    0.461206,
    1.829124,
    2.571865,
    1.452,
    1.006522,
    0.671539,
    0.275048,
    1.450415,
    0.598976,
    1.569,
    0.624197,
    0.959396,
    1.53946,
    1.336508,
    0.625496,
    1.566537,
    0.626322,
    1.222,
    0.936644,
    0.622,
    0.978403,
    1.627,
    0.749001,
    0.962058,
    1.163371,
    0.438006,
    1.003324,
    1.08271,
    1.820882,
    0.8,
    1.008946,
    1.280728,
    0.803277,
    1.109862,
    1.828,
    3.462,
    2.707607,
    1.019124,
    2.707194,
    0.765101,
    0.27478,
    1.429924,
    1.0732,
    1.06,
    0.49903,
    0.743406,
    0.949483,
    1.022414,
    1.191112,
    0.825076,
    1.059946,
    1.682124,
    0.790674,
    1.169869,
    2.966179,
    1.371647,
    1.353634,
    1.68913,
    0.968153,
    1.68041,
    2.795,
    1.681111,
    0.752548,
    1.189926,
    0.408129,
    1.976049,
    0.738649,
    1.367592,
    2.57142,
    1.680566,
    1.366707,
    0.514248,
    0.400576,
    1.509012,
    1.612373,
    1.13,
    1.364903,
    0.586069,
    0.963509,
    1.397064,
    1.545,
    1.662,
    0.88014,
    1.530103,
    1.251,
    1.215002,
    1.515479,
    0.584,
    0.712184,
    1.08765,
    1.504,
    0.785742,
    0.910582,
    1.275,
    0.239529,
    1.314374,
    0.445,
    1.5958,
    1.393779,
    0.759,
    2.060031,
    0.943,
    0.761744,
    0.672981,
    0.944722,
    0.403746,
    1.488,
    1.924,
    1.950052,
    2.781183,
    1.417372,
    0.891374,
    1.539838,
    1.277548,
    0.465,
    1.979235,
    2.081815,
    0.730138,
    1.03442,
    0.847082,
    1.260088,
    1.22679,
    1.443,
    1.067815,
    0.939395,
    0.663,
    1.62369,
    0.914984,
    1.704103,
    0.849216,
    0.820688,
    2.15192,
    1.018,
    0.865,
    1.140001,
    2.570897,
    1.229559,
    0.228464,
    0.602046,
    1.425124,
    1.335183,
    0.802,
    1.932889,
    2.810785,
    1.422,
    1.509226,
    0.855,
    1.269508,
    2.861989,
    1.852357,
    0.479433,
    0.523646,
    1.383,
    1.563124,
    0.77,
    1.478,
    1.836924,
    1.220544,
    1.249788,
    0.409599,
    0.713017,
    1.458381,
    0.941255,
    1.262888,
    2.054,
    1.003312,
    2.749305,
    1.561,
    1.435845,
    1.244536,
    0.55061,
    0.691996,
    0.792095,
    2.014688,
    2.649236,
    2.736311,
    1.523166,
    1.061,
    1.29817,
    0.563842,
    0.522812,
    1.380145,
    1.997941,
    1.513213,
    1.396079,
    1.030504,
    1.343803,
    1.378,
    1.641,
    1.268354,
    1.393,
    1.108792,
    1.899044,
    1.927936,
    3.423725,
    2.593769,
    0.24944,
    1.624619,
    1.552103,
    1.247374,
    2.046648,
    1.893,
    0.605806,
    1.212937,
    1.271,
    0.633016,
    1.192715,
    1.2001,
    1.867036,
    1.202293,
    1.517047,
    1.456838,
    1.522,
    0.732193,
    0.910641,
    3.204427,
    1.178476,
    0.930748,
    1.168124,
    0.839232,
    2.154,
    1.224,
    0.927238,
    1.469145,
    1.537616,
    1.09424,
    1.00318,
    1.713899,
    2.073868,
    1.246281,
    1.302775,
    1.670672,
    1.367997,
    1.559702,
    0.723685,
    1.688612,
    2.703929,
    1.508705
  ],
  "5242880": [
    9.781,
    11.712,
    5.635897,
    9.319,
    12.542,
    4.935,
    9.587,
    5.009719,
    7.954,
    4.518692,
    9.798768,
    14.563,
    8.341,
    12.592021,
    10.64,
    10.975,
    8.292
  ],