{
  "1048576": [
    0.328,
    0.676,
    0.348,
    0.554,
    0.774,
    0.673,
    0.405786,
    0.877,
    0.88986,
    1.040284,
    0.384,
    0.723,
    0.940828,
    1.214,
    0.58,
    0.732466,
    0.618368,
    0.878663,
    0.702,
    0.829,
    0.730734,
    0.350973,
    0.535197,
    0.16,
    0.207,
    0.297,
    0.237,
    0.269757,
    0.544279,
    0.381,
    0.791035,
    0.14,
    0.546287,
    0.786411,
    0.587,
    0.329266,
    0.795,
    1.224732,
    1.162,
    0.907876,
    0.177206,
    0.208,
    0.359,
    0.52269,
    0.793816,
    0.924,
    0.416,
    1.311,
    0.541456,
    0.619,
    0.477
  ],
  "51200": [
    0.328,
    0.242148,
    0.672903,
    0.264,
    0.255,
    0.743003,
    0.660648,
    0.472094,
    0.634,
    0.59,
    0.692827,
    0.934,
    0.911,
    0.529535,
    0.500258,
    1.002,
    0.69,
    1.065,
    0.619358,
    0.78173,
    0.631716,
    0.656266,
    0.326,
    0.971784,
    0.536,
    0.883,
    0.526812,
    0.413,
    0.446,
    0.578,
    0.665,
    0.441,
    0.71,
    0.330503,
    0.455,
    0.26,
    0.283,
    0.248,
    0.422,
    0.300954,
    0.654991,
    0.431,
    0.527,
    0.665422,
    0.197,
    0.552,
    0.696,
    0.952627,
    0.693271,
    0.549,
    0.616,
    0.767486,
    0.525257,
    0.452682,
    0.544332,
    0.596,
    0.604,
    0.682,
    0.764,
    0.41,
    0.578237,
    0.344,
    0.618,
    0.828094,
    0.441,
    0.67266,
    0.406,
    1.006615,
    0.188,
    0.141,
    0.421,
    0.580139,
    1.03,
    0.297,
    0.585,
    0.74,
    0.746,
    0.809,
    0.458,
    0.738434,
    0.691992,
    0.23357,
    0.211,
    0.632731,
    0.29,
    0.430256,
    0.676202,
    0.324,
    0.441,
    0.423,
    0.59701,
    0.932876,
    0.407499,
    0.957631,
    0.935,
    1.171,
    0.697,
    0.45,
    0.218903,
    0.25,
    0.627478,
    0.711464,
    1.032908,
    0.623,
    0.323,
    0.566,
    1.315159,
    0.52,
    0.708,
    0.417,
    1.004935,
    0.578,
    0.841,
    0.905687,
    1.211063,
    0.816279,
    0.472907,
    0.696,
    0.795667,
    1.230534,
    0.509265,
    0.756,
    0.577939,
    0.352649,
    0.610803,
    0.756,
    0.38416,
    0.647547,
    0.541,
    0.522326,
    0.662331,
    0.607903,
    0.525,
    0.371,
    0.894,
    1.106,
    0.427,
    0.445,
    0.765134,
    0.755,
    0.716688,
    0.398,
    0.631521,
    1.165745,
    0.434,
    0.721966,
    0.74912,
    0.327363,
    0.208,
    0.211,
    0.644092,
    1.058,
    0.801152,
    0.501,
    0.235409,
    0.418294,
    1.093147,
    0.676841,
    0.604,
    1.059,
    0.731,
    0.278289,
    0.837,
    1.105,
    0.564876,
    0.657,
    0.543397,
    0.409445,
    0.265283,
    0.595,
    0.630582,
    0.405,
    0.33,
    0.788,
    0.729897,
    0.487045,
    0.273331,
    0.213,
    0.658486,
    1.034,
    0.734,
    0.502,
    0.564,
    0.498737,
    0.328017,
    0.673,
    0.374,
    0.564897,
    0.55701,
    0.642,
    0.824,
    0.694,
    0.343117,
    0.198,
    0.574382,
    0.38688,
    1.064,
    0.652114,
    0.66,
    0.651124,
    0.595,
    0.760689,
    0.816259,
    0.481,
    1.484403,
    0.589,
    0.782,
    0.259595,
    0.70864,
    0.365892,
    0.788,
    0.558,
    1.139,
    0.392,
    0.654111,
    0.683,
    0.392,
    0.2845,
    0.241,
    0.256,
    0.47,
    0.336,
    0.503929,
    0.677443,
    0.554,
    0.94,
    0.572,
    0.889,
    0.925,
    0.861889,
    1.001801,
    1.091,
    0.48,
    1.271103,
    0.756,
    1.191684,
    0.720413,
    0.760065,
    0.486,
    0.401,
    0.517021,
    0.646039,
    0.456,
    0.312992,
    0.795454,
    0.319775,
    0.603,
    0.617367,
    0.414,
    0.686298,
    0.47,
    0.78631,
    0.466512,
    0.590711,
    0.735,
    0.784,
    0.768,
    0.676816,
    0.523638,
    0.633317,
    0.581788,
    0.837948,
    1.079155,
    0.552,
    0.455,
    0.391,
    0.278,
    0.641,
    0.218403,
    0.85,
    0.673021,
    0.618,
    1.039949,
    1.068594,
    0.494,
    0.227,
    0.591,
    0.63221,
    0.852113,
    0.406,
    0.376,
    0.643672,
    0.375842,
    0.607454,
    0.452324,
    0.645296,
    0.794,
    0.433621,
    1.273,
    0.82437,
    0.545012,
    0.672398,
    0.832233,
    0.318,
    0.482,
    0.841,
    0.484124,
    0.806259,
    0.642
  ],
  "5242880": [
    0.738094,
    0.809,
    0.804,
    0.447684,
    0.863,
    0.348,
    0.882,
    0.780337,
    0.675,
    1.221574,
    0.999,
    0.559144,
    0.476,
    0.705,
    1.238798,
    1.238,
    0.623347,
    0.702,
    0.711,
    1.022,
    0.513,
    0.96,
    0.556363,
    0.456
  ],