{
  "1048576": [
    0.830478,
    0.201062,
    0.471,
    0.521,
    1.096,
    0.894656,
    0.310531,
    0.58178,
    0.611876,
    0.93,
    0.132639,
    0.656125,
    0.685976,
    1.247,
    0.540738,
    0.831124,
    0.378,
    0.875992,
    0.691,
    0.340916,
    0.653,
    1.106,
    0.465535,
    0.622825,
    0.334,
    0.509939,
    0.593303,
    0.776,
    0.681,
    1.132,
    0.346134,
    0.343,
    1.013,
    0.412903,
    0.954,
    0.74791,
    0.867,
    0.161,
    0.647,
    0.821,
    0.830761,
    1.059285,
    0.465904,
    0.892101
  ],
  "51200": [
    1.019,
    0.579,
    0.17,
    0.687,
    0.518,
    0.849,
    0.494589,
    0.374728,
    0.289241,
    0.466,
    0.596,
    0.809,
    0.37387,
    0.407706,
    1.167156,
    0.946042,
    0.924,
    1.061,
    0.728422,
    0.325005,
    0.353741,
    0.442,
    0.339413,
    0.489268,
    1.06,
    0.23,
    1.131,
    0.611881,
    0.904,
    0.694756,
    0.765,
    0.925,
    0.441032,
    0.559,
    0.494,
    1.203,
    0.788,
    0.34612,
    0.820137,
    0.581333,
    0.799,
    1.007,
    1.026,
    0.521949,
    0.689,
    0.107977,
    0.515,
    0.198743,
    1.169,
    0.932,
    0.270561,
    0.332,
    0.534,
    0.679,
    0.463,
    0.865863,
    0.78824,
    0.623,
    0.888285,
    0.761835,
    0.791,
    0.219,
    0.331,
    0.414569,
    0.697,
    0.46,
    1.041,
    0.142,
    0.208,
    0.153,
    0.843581,
    0.309,
    0.627,
    1.016,
    0.665327,
    0.66,
    0.369325,
    0.935264,
    0.726984,
    0.706,
    0.598824,
    0.909,
    0.44303,
    0.554853,
    0.691,
    0.319,
    0.310904,
    0.503432,
    0.515,
    1.277754,
    0.660776,
    0.305,
    0.470319,
    0.487,
    0.608,
    0.527,
    0.809,
    0.762,
    1.042061,
    0.614684,
    0.243103,
    0.441873,
    0.76,
    0.368,
    0.464092,
    0.326,
    0.54,
    1.31,
    0.406484,
    0.477,
    0.902076,
    1.072,
    0.82,
    0.476745,
    0.483125,
    0.74193,
    0.819876,
    0.554,
    0.543,
    0.586,
    0.745,
    0.604,
    0.557318,
    1.327218,
    0.720125,
    0.353,
    0.536159,
    0.529031,
    0.499834,
    0.396128,
    0.249,
    0.294288,
    0.779146,
    1.154,
    0.670436,
    0.587,
    0.602897,
    0.342,
    0.944,
    1.070458,
    0.396555,
    0.559803,
    0.557126,
    0.757,
    0.86,
    0.477,
    0.663,
    0.554,
    0.775,
    0.329,
    0.613766,
    0.488398,
    0.304,
    0.638968,
    0.587342,
    1.11,
    0.358728,
    0.552,
    0.365,
    0.216152,
    0.231,
    0.260742,
    0.244,
    0.827882,
    0.302565,
    0.309,
    0.413,
    0.678607,
    0.584086,
    0.637,
    0.523284,
    1.024,
    0.554,
    0.867,
    0.679,
    0.266,
    0.313,
    0.679,
    0.521,
    1.085,
    0.569789,
    0.483,
    0.34322,
    0.584,
    0.28,
    0.699,
    0.375307,
    0.727,
    0.354478,
    0.458,
    1.163,
    0.308,
    0.32,
    0.661,
    0.37,
    0.602,
    0.379,
    1.27,
    0.293,
    0.435435,
    0.240262,
    0.172,
    0.48544,
    0.443408,
    0.371,
    0.350901,
    0.405149,
    0.512753,
    0.452,
    0.578988,
    0.462889,
    1.036,
    0.795388,
    1.236,
    0.344338,
    0.484864,
    0.954,
    1.1246,
    0.401,
    0.649,
    0.679,
    1.087,
    0.380944,
    0.648,
    0.255,
    0.990776,
    1.016,
    0.560554,
    0.972111,
    0.933,
    0.32753,
    0.594897,
    0.393,
    0.464,
    0.905,
    0.629491,
    0.545,
    0.692,
    1.169111,
    0.323,
    0.683677,
    0.303,
    0.392244,
    0.617737,
    0.862,
    1.114,
    0.676,
    0.295351,
    0.396,
    0.374958,
    0.267,
    0.679,
    1.116,
    0.435428,
    0.65,
    0.691124,
    0.838398,
    0.509,
    0.924,
    0.500668,
    0.517,
    0.853,
    0.281693,
    0.125331,
    0.666,
    0.25,
    0.732439,
    0.668,
    1.025,
    0.492,
    0.362,
    0.215,
    0.18209,
    0.706,
    0.323,
    0.671721,
    0.316702,
    0.505,
    0.129124,
    0.527,
    0.635,
    0.604,
    1.042876,
    0.300485,
    0.478018,
    0.997124,
    0.785,
    0.497,
    0.55,
    1.018418,
    1.296162,
    0.862,
    0.757,
    0.966486,
    0.766645,
    0.876,
    0.399399,
    0.568,
    0.652967,
    0.470864,
    0.800209,
    1.198222,
    0.753,
    0.805227,
    0.418778,
    0.768103,
    0.992,
    0.446777,
    0.425468,
    0.447,
    0.625271
  ],
  "5242880": [
    0.238,
    0.368374,
    0.526861,
    0.786,
    0.346025,
    0.561532,
    0.55,
    0.697954,
    0.801392,
    0.630402,
    0.657,
    0.725,
    0.724,
    0.635236,
    1.077,
    0.413,
    0.38,
    1.135876,
    0.639602,
    0.627,
    0.571
  ],