{
  "1048576": [
    3.674,
    1.094968,
    3.472061,
    2.544,
    4.529,
    3.631,
    1.478876,
    2.532081,
    2.554876,
    3.817,
    0.670786,
    2.969125,
    2.890409,
    5.057,
    2.208738,
    3.482,
    1.577,
    3.587992,
    2.795,
    1.398693,
    2.664,
    6.638,
    2.265877,
    4.088825,
    1.403,
    2.150211,
    2.820303,
    4.022652,
    2.936,
    4.647892,
    1.624778,
    1.416,
    4.543,
    1.921198,
    4.716493,
    3.28385,
    3.573172,
    0.721,
    2.66,
    3.362,
    3.395004,
    4.468,
    2.771904,
    3.808929
  ],
  "51200": [
    2.552714,
    1.202538,
    0.279983,
    1.461103,
    1.025325,
    1.973044,
    0.879881,
    0.680912,
    0.664765,
    1.139652,
    1.075,
    1.427001,
    0.787702,
    0.920018,
    2.079425,
    1.565,
    1.703,
    2.081184,
    1.214278,
    0.698105,
    0.575003,
    0.681653,
    0.602924,
    1.21329,
    2.585227,
    0.48314,
    2.670903,
    1.451881,
    1.852,
    1.310942,
    1.549,
    1.706887,
    0.739032,
    1.147223,
    0.912119,
    2.746213,
    1.446,
    0.726184,
    1.604137,
    1.231721,
    1.913662,
    2.544326,
    2.568,
    1.189,
    1.537649,
    0.13,
    1.159409,
    0.391743,
    2.202374,
    1.845451,
    0.642554,
    0.685,
    1.349006,
    1.191,
    1.026704,
    1.643757,
    1.456944,
    1.108,
    1.664489,
    1.317419,
    1.597991,
    0.366528,
    0.563316,
    0.694297,
    1.48087,
    0.948446,
    2.565103,
    0.216,
    0.293111,
    0.345,
    1.964581,
    0.684313,
    1.253472,
    2.551015,
    1.484327,
    1.029264,
    0.757,
    1.718978,
    1.51687,
    1.301,
    1.051,
    1.657876,
    0.786,
    1.083683,
    1.363306,
    0.694,
    0.622257,
    0.894947,
    0.990401,
    2.801431,
    1.208604,
    0.531248,
    0.658003,
    0.871444,
    1.222403,
    0.911,
    1.582026,
    1.251,
    2.560037,
    1.231224,
    0.492749,
    0.710061,
    1.473,
    0.776647,
    0.71759,
    0.713,
    1.355,
    2.838042,
    0.702,
    1.142016,
    1.69059,
    2.208214,
    1.669,
    0.765649,
    0.951,
    1.544922,
    1.437876,
    1.143,
    1.0415,
    1.097312,
    1.327103,
    1.168,
    1.060562,
    2.860507,
    1.194125,
    0.73399,
    1.166435,
    1.12074,
    1.192,
    0.751406,
    0.48729,
    0.677515,
    1.590066,
    2.69,
    1.27825,
    1.105796,
    1.108161,
    0.583865,
    2.064063,
    2.621473,
    0.759,
    1.227,
    1.028,
    1.382429,
    1.620916,
    0.708216,
    1.282892,
    0.998,
    1.543438,
    0.668953,
    1.228297,
    0.763763,
    0.548,
    1.423666,
    1.181848,
    2.649,
    0.738852,
    1.333,
    0.773748,
    0.407,
    0.360416,
    0.491898,
    0.511,
    1.838766,
    0.658225,
    0.574446,
    0.87759,
    1.434607,
    1.202523,
    1.40175,
    1.144784,
    2.54735,
    1.393584,
    1.732,
    1.436206,
    0.399,
    0.55,
    1.468174,
    1.137923,
    2.624924,
    0.867921,
    0.943644,
    0.726549,
    1.201,
    0.517474,
    1.48,
    0.588,
    1.531842,
    0.785963,
    0.922557,
    2.696,
    0.637,
    0.412,
    1.001,
    0.566,
    1.226796,
    0.595257,
    2.787111,
    0.668958,
    0.845071,
    0.362306,
    0.266406,
    1.02837,
    0.989254,
    0.779484,
    0.754185,
    0.889653,
    1.027521,
    1.015408,
    1.042988,
    0.967133,
    2.028095,
    1.597491,
    3.01587,
    0.564676,
    0.760473,
    2.075,
    2.655268,
    0.750103,
    0.997916,
    1.127903,
    2.619628,
    0.501556,
    1.42,
    0.433111,
    2.118355,
    2.54408,
    0.913682,
    1.867249,
    1.432437,
    0.592977,
    1.067897,
    0.673674,
    0.804,
    1.920543,
    1.193092,
    0.881278,
    1.164291,
    2.717864,
    0.648498,
    1.298787,
    0.53008,
    0.730698,
    1.32,
    1.713013,
    2.644441,
    1.473227,
    0.451,
    0.679,
    0.666346,
    0.461043,
    1.206522,
    2.647,
    0.759184,
    1.114229,
    1.13639,
    1.462728,
    1.00392,
    1.697239,
    1.053164,
    0.920851,
    1.701363,
    0.660025,
    0.164582,
    1.286278,
    0.525297,
    1.519824,
    1.525753,
    2.571,
    1.297387,
    0.786227,
    0.428,
    0.298103,
    1.462903,
    0.702,
    1.452191,
    0.729196,
    0.940103,
    0.157194,
    0.766,
    1.361751,
    0.874096,
    2.569876,
    0.621,
    0.945018,
    2.033188,
    1.417815,
    1.049238,
    0.801362,
    2.052902,
    2.826511,
    1.643,
    1.576592,
    1.996957,
    1.378644,
    1.51792,
    0.73625,
    1.235888,
    1.277652,
    0.858989,
    1.591209,
    2.740128,
    1.372153,
    1.58178,
    0.859778,
    1.540903,
    2.115485,
    0.815294,
    0.753,
    0.819,
    1.098116
  ],
  "5242880": [
    3.982,
    6.493,
    6.019,
    8.486,
    6.982917,
    8.714532,
    8.288,
    7.404512,
    11.751392,
    7.30762,
    11.469,
    9.662,
    8.44592,
    9.856236,
    9.812,
    7.492,
    5.411,
    15.094849,
    7.219602,
    10.132,
    9.45
  ],