{
  "1048576": [
    0.371141,
    0.434,
    0.964,
    0.725,
    0.502,
    0.529492,
    0.853394,
    1.234,
    0.447889,
    0.569715,
    0.429753,
    0.422,
    0.572531,
    0.875781,
    0.848897,
    0.325,
    0.675408,
    0.469361,
    0.781347,
    0.360011,
    0.401027,
    0.4997,
    0.669,
    0.905394,
    0.816958,
    0.548,
    0.634,
    0.663,
    1.034,
    0.189962,
    0.565266,
    0.833505,
    0.592801,
    0.728,
    0.719816,
    0.376149,
    0.581,
    0.524507,
    0.349,
    0.94081,
    1.119687,
    0.763,
    0.371263,
    0.601,
    0.357,
    0.711,
    0.773656,
    1.076,
    0.319508,
    0.764,
    0.790409,
    0.894,
    0.426
  ],
  "51200": [
    0.585,
    0.733197,
    0.246,
    0.638,
    0.876,
    0.466956,
    0.809944,
    0.400331,
    0.660621,
    0.493,
    0.437,
    0.542196,
    0.54,
    0.457,
    0.766,
    0.801948,
    0.23,
    0.584,
    0.603,
    0.833589,
    0.399,
    0.784093,
    0.977,
    0.552,
    1.214,
    0.377,
    0.434373,
    0.691,
    0.996,
    0.477,
    1.164173,
    0.685,
    0.378,
    0.666116,
    0.236,
    0.293968,
    0.309,
    0.545,
    0.319,
    0.306,
    0.341,
    0.416,
    0.694,
    0.854,
    0.162605,
    0.8,
    0.843,
    0.761,
    0.927178,
    0.93,
    0.399,
    0.95,
    0.623,
    0.702,
    0.702,
    0.366782,
    0.325,
    0.705889,
    0.584,
    0.364,
    0.697,
    0.625,
    0.695665,
    0.572602,
    0.612,
    0.762898,
    0.558526,
    0.609,
    0.353065,
    0.626079,
    0.574,
    0.682275,
    0.639,
    0.533,
    0.778,
    0.68989,
    0.86,
    0.983,
    0.629,
    0.37,
    0.190134,
    0.640972,
    0.217,
    0.25,
    0.835,
    0.393,
    0.286103,
    0.704,
    0.574111,
    1.214556,
    0.409713,
    0.379,
    0.584,
    0.4,
    0.995296,
    1.218119,
    0.402,
    0.506,
    0.736,
    0.322686,
    0.162083,
    0.233,
    0.632,
    0.429,
    0.380612,
    0.287,
    0.406,
    0.549707,
    0.812,
    0.454,
    1.012066,
    0.765,
    1.265,
    0.803,
    0.996966,
    0.548649,
    0.838985,
    1.279,
    0.659,
    0.487,
    0.797,
    1.07668,
    0.562,
    0.954766,
    1.026,
    0.693,
    0.218111,
    0.414186,
    0.286,
    0.325332,
    0.466,
    0.737,
    0.292,
    0.243,
    0.319,
    0.862,
    0.337,
    0.866864,
    0.516394,
    0.757,
    0.44435,
    0.611,
    1.206,
    0.418269,
    0.407431,
    0.82765,
    0.834,
    0.799243,
    0.490773,
    0.456,
    0.498942,
    0.255165,
    0.63,
    0.814,
    0.332798,
    0.295,
    0.368,
    0.506,
    0.413,
    0.2383,
    0.342,
    0.428492,
    0.865,
    0.532,
    0.296,
    0.495,
    1.033175,
    0.325612,
    0.207274,
    0.676,
    0.832,
    0.699845,
    0.820092,
    0.617979,
    1.068638,
    0.254,
    0.235,
    0.591898,
    0.219825,
    0.464,
    0.314141,
    1.070843,
    0.538,
    0.558,
    0.321614,
    0.244608,
    0.498,
    0.257,
    1.052743,
    0.477,
    0.315997,
    0.398,
    0.399,
    0.418582,
    0.594,
    0.491,
    0.798674,
    0.856279,
    0.304,
    0.79354,
    0.493,
    0.339,
    0.659095,
    0.513,
    0.650051,
    0.865163,
    0.920568,
    0.527573,
    0.785778,
    0.5,
    0.659958,
    0.889197,
    0.350419,
    1.059,
    1.122,
    0.462684,
    0.507597,
    0.611,
    1.104,
    0.571563,
    0.586,
    0.659545,
    0.576,
    0.336,
    0.307,
    0.58,
    0.933949,
    0.494,
    0.697,
    0.92,
    0.53,
    1.293587,
    0.725,
    0.782199,
    0.264005,
    0.273237,
    0.325,
    0.763,
    1.167,
    0.483,
    0.913,
    0.606441,
    0.674,
    0.615,
    0.778045,
    0.301,
    0.505,
    0.773,
    0.570979,
    1.361,
    0.34,
    0.603,
    0.54,
    0.44067,
    0.71,
    1.27,
    0.781,
    0.813043,
    0.962448,
    0.57995,
    0.297505,
    0.266448,
    0.807085,
    1.023,
    0.539,
    0.334,
    0.498,
    0.411728,
    0.227818,
    0.539183,
    0.531991,
    0.27177,
    1.007499,
    0.399,
    0.375889,
    0.185675,
    0.315085,
    0.265628,
    0.784,
    0.682,
    0.367905,
    0.817,
    0.666396,
    0.904446,
    0.849,
    0.99027,
    1.073,
    1.25105,
    0.677,
    0.559,
    0.850501,
    0.424897,
    0.895,
    0.553,
    0.568816,
    0.598,
    0.890176,
    1.172946,
    0.433595,
    0.474,
    1.156,
    0.700248
  ],
  "5242880": [
    0.711,
    0.565,
    0.583728,
    0.987074,
    1.298781,
    0.605,
    0.603543,
    1.136,
    0.609208,
    0.608,
    0.513222,
    0.243,
    0.657162,
    0.551,
    1.052145,
    0.765,
    0.815,
    0.656244
  ],