{
  "1048576": [
    1.565825,
    2.42,
    4.342,
    2.971288,
    2.523288,
    2.666492,
    3.444642,
    5.032,
    1.847889,
    2.542278,
    2.344753,
    2.058,
    2.366585,
    3.911781,
    3.681897,
    1.379,
    3.580569,
    1.999,
    3.996347,
    1.51,
    2.334494,
    2.098649,
    3.348,
    3.664,
    3.374958,
    2.217,
    2.638,
    2.725,
    4.427,
    0.831461,
    2.60003,
    3.674914,
    3.057889,
    3.414,
    2.997816,
    1.915149,
    2.441,
    2.450631,
    1.461,
    3.915,
    4.594637,
    3.222,
    1.503,
    2.618,
    1.486,
    3.574,
    3.917656,
    4.369,
    1.799568,
    3.271172,
    3.41644,
    3.645669,
    1.916
  ],
  "51200": [
    1.205754,
    1.353197,
    0.414,
    1.413,
    2.007,
    0.856171,
    1.597719,
    0.770286,
    1.48206,
    0.904847,
    0.930664,
    1.104651,
    1.046,
    0.757669,
    1.329704,
    1.342634,
    0.428,
    1.144689,
    1.368186,
    1.622692,
    0.932,
    1.571153,
    2.500983,
    1.371489,
    2.738356,
    0.842244,
    0.679305,
    1.281058,
    2.123502,
    0.841642,
    2.712679,
    1.158,
    0.792,
    1.292116,
    0.423866,
    0.504612,
    0.499828,
    1.268,
    0.696,
    0.50301,
    0.683937,
    0.877905,
    1.454176,
    1.998284,
    0.24372,
    1.933,
    1.546555,
    1.805324,
    1.735653,
    1.701095,
    0.938372,
    1.722,
    1.355,
    1.419,
    1.164,
    0.590782,
    0.550103,
    1.470051,
    1.314103,
    0.765103,
    1.479103,
    1.288554,
    1.541126,
    1.204467,
    1.151111,
    1.747,
    1.16586,
    1.047722,
    0.666014,
    1.021908,
    1.372002,
    1.24335,
    1.144,
    1.082,
    1.460112,
    1.39289,
    1.731,
    2.050971,
    1.096903,
    0.739905,
    0.275102,
    1.198656,
    0.387865,
    0.440949,
    1.952142,
    0.799085,
    0.524111,
    1.112484,
    1.379111,
    2.749474,
    0.749,
    0.596112,
    0.894496,
    0.636623,
    2.126768,
    2.761,
    0.712,
    0.905008,
    1.560647,
    0.745335,
    0.239083,
    0.354,
    1.283612,
    1.051,
    0.788421,
    0.506635,
    0.823,
    1.350894,
    1.423124,
    0.95,
    2.273835,
    1.428,
    2.3942,
    1.484223,
    1.753774,
    0.991649,
    1.650011,
    2.822903,
    1.180187,
    1.154944,
    1.377183,
    2.21268,
    0.919,
    1.812689,
    1.907749,
    1.537472,
    0.338723,
    0.628,
    0.521,
    0.565786,
    1.088668,
    1.513111,
    0.667527,
    0.52646,
    0.537351,
    1.639647,
    0.544155,
    2.001,
    0.935,
    1.535756,
    0.84935,
    1.31,
    2.741,
    0.880701,
    0.85028,
    1.61988,
    1.60608,
    1.418243,
    0.868485,
    0.83158,
    0.811671,
    0.416415,
    0.894064,
    1.892103,
    0.71476,
    0.555111,
    0.729716,
    0.954256,
    0.839,
    0.363072,
    0.585668,
    0.658406,
    1.945153,
    0.918,
    0.493499,
    0.901,
    2.575498,
    0.481134,
    0.320529,
    1.447192,
    1.806318,
    1.490435,
    1.854092,
    1.482,
    2.604349,
    0.422,
    0.369,
    1.189135,
    0.388,
    0.982,
    0.634502,
    2.602722,
    0.999306,
    1.18993,
    0.548578,
    0.51479,
    1.021556,
    0.627571,
    2.578068,
    0.933,
    0.729941,
    0.677766,
    0.709496,
    0.831582,
    1.209,
    0.912692,
    1.558398,
    1.703125,
    0.359906,
    1.429226,
    1.086472,
    0.771,
    1.425012,
    1.005058,
    1.00401,
    1.497732,
    1.571662,
    1.034501,
    1.393385,
    0.984504,
    1.372538,
    1.714408,
    0.542355,
    2.176963,
    2.638,
    0.785345,
    0.923094,
    1.070539,
    2.649163,
    1.199198,
    1.202,
    1.443114,
    0.990344,
    0.59165,
    0.688189,
    1.086237,
    1.737254,
    0.671999,
    1.238889,
    1.764854,
    0.816409,
    2.835813,
    1.189,
    1.643381,
    0.507,
    0.551612,
    0.575908,
    1.522119,
    2.712716,
    0.724724,
    1.764804,
    1.384764,
    1.290654,
    0.910114,
    1.555373,
    0.492248,
    0.905837,
    1.54,
    1.058322,
    2.893454,
    0.582403,
    1.158746,
    1.034,
    0.891694,
    1.344409,
    2.813,
    1.295819,
    1.860643,
    2.033629,
    1.18995,
    0.5183,
    0.543209,
    1.940137,
    2.565119,
    1.182245,
    0.713,
    0.968,
    0.833102,
    0.361676,
    1.109,
    1.180454,
    0.442007,
    2.531279,
    0.818,
    0.755889,
    0.317897,
    0.553974,
    0.438501,
    1.861148,
    1.459,
    0.753163,
    1.893957,
    1.334284,
    1.569462,
    1.459508,
    1.505806,
    2.146381,
    2.794476,
    1.139248,
    1.122704,
    1.483878,
    0.938053,
    1.662539,
    1.032,
    1.170008,
    0.973,
    1.579651,
    2.697284,
    0.830281,
    0.858,
    2.106353,
    1.52157
  ],
  "5242880": [
    10.063,
    9.307876,
    7.32734,
    14.493074,
    14.761781,
    9.869,
    8.381097,
    11.334,
    10.106208,
    5.909,
    7.684,
    3.15,
    7.640162,
    6.487,
    9.723145,
    8.169,
    12.336,
    14.082
  ],