{
  "1048576": [
    2.46,
    2.28,
    4.162,
    4.029,
    0.979,
    3.131,
    2.77,
    2.816,
    3.039,
    1.944262,
    4.379,
    2.91595,
    3.497,
    3.044,
    1.7351,
    3.21,
    2.855,
    1.995,
    3.400097,
    3.271,
    2.468,
    2.975,
    3.163639,
    3.71,
    2.47,
    3.250876,
    3.166,
    1.173,
    2.463833,
    1.819,
    1.236,
    2.593,
    2.795,
    2.351,
    1.15,
    2.677,
    1.936,
    2.628,
    1.044,
    2.382,
    2.934,
    3.373627,
    2.392,
    1.423,
    2.519,
    1.459,
    1.354,
    2.418,
    2.71,
    3.393536,
    4.197,
    4.577784,
    3.064
  ],
  "51200": [
    0.760627,
    0.311219,
    1.272204,
    1.437483,
    0.415,
    1.060595,
    0.805,
    2.602248,
    0.976897,
    0.729749,
    1.637174,
    1.594,
    1.210408,
    1.630578,
    0.695081,
    0.562376,
    1.421969,
    1.058124,
    1.041932,
    2.630646,
    1.412549,
    2.530713,
    1.35713,
    1.07662,
    0.680496,
    0.578,
    1.739522,
    0.973708,
    1.224,
    0.89298,
    0.585843,
    1.18131,
    1.965,
    1.571103,
    1.063188,
    0.741306,
    0.803,
    1.235734,
    1.141378,
    0.488,
    2.542413,
    1.459,
    1.684949,
    0.917454,
    1.491061,
    1.233799,
    1.110162,
    1.186631,
    0.403061,
    1.277,
    0.581445,
    0.48093,
    1.932313,
    0.454593,
    0.700374,
    1.441,
    0.941674,
    1.508,
    0.284,
    1.436999,
    1.186916,
    0.669825,
    0.807027,
    1.688238,
    2.732189,
    1.316137,
    0.563229,
    0.83,
    1.537182,
    1.475665,
    0.985964,
    1.564242,
    1.382,
    0.849155,
    1.190278,
    0.393247,
    0.92137,
    1.095794,
    0.657413,
    0.517928,
    1.098334,
    1.612507,
    0.66243,
    1.628204,
    2.157228,
    1.997841,
    2.719127,
    2.253235,
    0.803016,
    1.262664,
    1.230764,
    0.355,
    1.413046,
    1.962,
    1.297288,
    1.404,
    0.707,
    1.017903,
    0.986137,
    1.383072,
    0.991045,
    1.707458,
    1.349246,
    1.80374,
    1.489227,
    1.617469,
    1.408466,
    0.997642,
    1.586949,
    1.412,
    1.064129,
    1.664702,
    2.884846,
    0.681742,
    1.164635,
    0.404,
    0.852,
    1.054188,
    2.610103,
    1.441151,
    0.888459,
    1.606169,
    2.671326,
    0.601,
    0.419994,
    0.705727,
    1.539,
    2.643,
    0.829,
    0.889483,
    1.033,
    1.227,
    1.355103,
    0.74565,
    1.926339,
    1.608516,
    1.058,
    1.552,
    2.565612,
    1.175,
    1.179039,
    1.272144,
    1.222506,
    0.761369,
    0.711091,
    1.162,
    1.008446,
    0.260886,
    1.455271,
    1.981528,
    0.723,
    1.44075,
    1.179,
    1.535266,
    1.169716,
    0.426103,
    0.498487,
    1.44,
    2.186371,
    0.955983,
    0.734,
    1.783,
    2.725738,
    1.306406,
    0.390814,
    0.423395,
    1.91265,
    0.876,
    0.52881,
    1.343367,
    0.794206,
    1.256539,
    1.992,
    0.743,
    1.423298,
    0.754363,
    1.436601,
    0.689258,
    1.444999,
    1.513,
    0.895549,
    1.476,
    2.823,
    1.139506,
    0.77302,
    1.222469,
    0.210957,
    1.307083,
    2.596673,
    1.414,
    1.719443,
    1.425,
    1.031335,
    1.608222,
    1.467724,
    1.710257,
    0.820936,
    2.183709,
    2.808083,
    1.698103,
    2.836715,
    1.604038,
    0.912,
    0.642261,
    0.457,
    0.552316,
    0.878,
    1.143532,
    0.774742,
    2.68258,
    0.845905,
    0.488,
    0.48629,
    1.458303,
    1.050632,
    1.749758,
    1.007827,
    0.650999,
    0.949,
    1.985351,
    1.478456,
    0.825373,
    1.711091,
    0.843238,
    1.164,
    1.086449,
    0.951103,
    1.237546,
    1.749,
    0.865018,
    1.686,
    0.666448,
    1.555712,
    1.586392,
    2.057259,
    0.710184,
    0.894423,
    1.607439,
    2.702462,
    1.289575,
    0.482496,
    1.549737,
    0.722248,
    0.834,
    0.698657,
    1.105751,
    0.730303,
    0.885948,
    0.736198,
    1.704111,
    2.804,
    1.072,
    1.185,
    1.641,
    0.932911,
    0.55629,
    1.482103,
    1.13666,
    1.288461,
    1.515125,
    2.730408,
    0.39904,
    0.328634,
    0.56608,
    1.056877,
    2.591206,
    1.429,
    0.906374,
    0.981206,
    0.604528,
    1.457439,
    0.927184,
    1.441195,
    0.808699,
    0.974239,
    1.071968,
    0.796415,
    1.288944,
    2.279,
    1.627,
    1.103877,
    1.407505,
    2.524,
    1.385,
    1.468,
    1.640766,
    1.655248,
    1.734932,
    1.028741,
    1.933,
    0.954111,
    0.898899,
    0.794544,
    2.713,
    0.667103,
    0.975449,
    2.050933
  ],
  "5242880": [
    10.824,
    16.825239,
    11.364464,
    8.564224,
    2.953,
    3.514,
    11.403859,
    4.783,
    6.690372,
    9.655018,
    3.907,
    6.853,
    8.886,
    7.885,
    10.344076,
    4.003,
    7.705,
    10.65,
    10.539673
  ],