{
  "1048576": [
    3.96,
    1.202897,
    2.233,
    5.228273,
    2.414825,
    1.827975,
    3.846,
    3.03751,
    2.250799,
    4.426405,
    1.492,
    4.412074,
    3.886,
    3.617,
    3.178111,
    3.487,
    2.795,
    2.185,
    2.972,
    4.676299,
    3.752,
    2.584908,
    0.859889,
    0.978,
    1.586518,
    1.094,
    3.037873,
    2.102,
    2.277,
    2.403165,
    2.312,
    3.449,
    2.635364,
    2.484,
    3.55,
    2.551,
    1.272,
    4.37,
    2.964,
    1.563,
    2.908,
    2.377,
    1.262607,
    4.442982,
    0.913663,
    4.116,
    3.356586,
    4.783,
    3.422432
  ],
  "51200": [
    0.839,
    0.208,
    0.605119,
    0.507539,
    0.421195,
    1.225257,
    0.638928,
    1.453545,
    0.815455,
    1.342,
    2.750979,
    1.435966,
    0.49,
    0.595802,
    1.624306,
    2.807,
    1.641131,
    1.007,
    1.602429,
    2.57,
    0.68045,
    1.175522,
    1.089,
    0.687674,
    0.552289,
    0.718,
    0.946497,
    1.387206,
    1.357548,
    1.199,
    0.581,
    0.760248,
    0.912,
    2.067,
    0.939172,
    0.338763,
    0.46166,
    0.747,
    1.139223,
    2.601157,
    0.75,
    0.941903,
    2.751,
    0.460652,
    0.432597,
    0.631477,
    0.655223,
    1.695224,
    1.719,
    1.770288,
    1.661804,
    0.876366,
    0.959903,
    1.074372,
    2.816919,
    1.21735,
    2.632124,
    1.245111,
    0.468,
    0.8295,
    1.848885,
    1.000217,
    1.55439,
    1.838398,
    1.020639,
    0.639359,
    1.204,
    2.024744,
    1.512111,
    0.412,
    1.066322,
    0.716325,
    0.443,
    0.864723,
    0.674145,
    0.59,
    1.574539,
    0.55,
    2.101,
    1.611,
    2.707514,
    1.554384,
    0.784111,
    0.411847,
    1.404486,
    1.243891,
    2.031488,
    0.837481,
    1.64423,
    0.925,
    1.739977,
    0.622106,
    0.591389,
    0.668876,
    1.731889,
    1.399383,
    0.91,
    0.846884,
    1.513306,
    0.356206,
    0.495615,
    1.5,
    0.554111,
    1.857945,
    1.141228,
    0.932,
    1.426227,
    2.180066,
    1.748445,
    1.123096,
    0.927729,
    0.985,
    1.419223,
    1.680248,
    0.982686,
    2.266134,
    1.076689,
    1.666734,
    0.664549,
    0.260752,
    0.389103,
    1.064,
    0.857069,
    0.528453,
    1.522404,
    0.82933,
    0.947685,
    0.704998,
    0.526608,
    0.552,
    0.615216,
    0.76,
    0.589985,
    0.787,
    1.204521,
    2.747539,
    2.766,
    1.576292,
    0.691103,
    0.720824,
    1.503926,
    0.380419,
    1.487124,
    1.852705,
    1.837526,
    0.58908,
    0.776768,
    1.573316,
    2.564104,
    0.362,
    0.457607,
    1.009137,
    2.556837,
    1.544779,
    0.739475,
    0.369,
    1.771442,
    0.55697,
    2.809876,
    0.795,
    0.915,
    0.78223,
    0.435791,
    1.229103,
    1.484,
    0.462656,
    1.957406,
    2.693,
    1.756381,
    1.000513,
    0.781,
    0.99512,
    0.571539,
    0.566223,
    1.475766,
    1.045,
    0.660047,
    1.225,
    0.945905,
    0.646551,
    1.625978,
    1.653791,
    2.146432,
    1.394013,
    1.484263,
    1.07,
    1.748278,
    1.183,
    1.193933,
    0.416,
    1.394781,
    2.05852,
    2.565807,
    0.800716,
    0.956124,
    1.159418,
    1.509187,
    1.089408,
    1.526206,
    1.05582,
    1.669622,
    1.202016,
    1.45,
    1.023,
    0.747798,
    0.675835,
    0.588,
    0.839451,
    1.704411,
    1.453903,
    0.724876,
    0.573616,
    1.238,
    2.707446,
    0.934,
    0.93939,
    1.06882,
    0.784036,
    1.326647,
    0.968643,
    0.948096,
    1.061807,
    1.167008,
    1.161789,
    0.516506,
    0.412292,
    1.923446,
    2.757826,
    0.614103,
    2.635315,
    2.7,
    1.264755,
    1.598473,
    1.558774,
    1.026701,
    1.963706,
    1.584,
    0.829,
    1.095049,
    0.985573,
    1.200559,
    1.728012,
    0.94392,
    2.212,
    1.00761,
    1.7417,
    1.40458,
    1.857862,
    0.367441,
    0.957898,
    1.629897,
    1.063925,
    2.11988,
    2.580318,
    0.771714,
    1.025,
    0.721913,
    1.277854,
    1.406939,
    1.064133,
    0.448806,
    0.906,
    1.585876,
    0.85121,
    0.241071,
    1.493302,
    0.568,
    1.751,
    0.81116,
    0.542,
    2.564694,
    1.497389,
    2.799009,
    1.49496,
    1.061,
    1.715889,
    0.927,
    2.173897,
    1.297,
    2.118711,
    2.819767,
    1.248044,
    2.840889,
    0.755819,
    1.749143,
    1.762,
    2.13082,
    1.249,
    0.972204,
    1.160704,
    1.8767,
    1.344835,
    0.777,
    0.835,
    1.068631
  ],
  "5242880": [
    4.221,
    7.309,
    4.601786,
    4.264,
    14.005461,
    12.781503,
    5.465,
    5.86,
    11.165,
    4.239994,
    9.879,
    7.061,
    9.97738,
    12.551,
    4.546,
    10.243192,
    11.07191,
    4.924,
    3.70047,
    9.977,
    7.062,
    7.822,
    5.354,
    10.486,
    5.935,
    5.306645,
    8.186,
    9.249791,
    7.664
  ],