{
  "1048576": [
    0.881358,
    0.243897,
    0.528,
    0.977,
    0.572124,
    0.449975,
    0.8,
    0.670025,
    0.546,
    1.048857,
    0.361469,
    1.045205,
    0.905,
    0.85,
    0.693,
    0.828,
    0.683,
    0.526,
    0.708,
    1.156975,
    0.911,
    0.508908,
    0.172889,
    0.216,
    0.355896,
    0.252,
    0.731,
    0.496506,
    0.581,
    0.566,
    0.53,
    0.761,
    0.458364,
    0.591403,
    0.857,
    0.607,
    0.293431,
    1.07,
    0.713,
    0.328,
    0.693,
    0.556,
    0.291607,
    1.047,
    0.192663,
    0.952648,
    0.819,
    1.173,
    0.834432
  ],
  "51200": [
    0.412103,
    0.169,
    0.326,
    0.245,
    0.238266,
    0.51,
    0.295,
    0.664347,
    0.377706,
    0.579,
    1.207084,
    0.809,
    0.404,
    0.413986,
    0.917,
    1.271,
    0.869424,
    0.631,
    0.834,
    1.04,
    0.379509,
    0.562,
    0.479,
    0.328637,
    0.360345,
    0.338,
    0.525513,
    0.754,
    0.747124,
    0.715761,
    0.403,
    0.488,
    0.537,
    1.164,
    0.539354,
    0.227,
    0.279435,
    0.465,
    0.507,
    1.078157,
    0.38,
    0.477,
    1.218,
    0.269281,
    0.259403,
    0.460937,
    0.279889,
    0.925,
    0.961111,
    0.994309,
    0.868636,
    0.531,
    0.581,
    0.535,
    1.286457,
    0.75935,
    1.107103,
    0.620028,
    0.291,
    0.54468,
    0.820617,
    0.609142,
    0.744,
    0.804414,
    0.558,
    0.304465,
    0.563714,
    0.893541,
    0.714,
    0.202,
    0.46,
    0.347,
    0.239,
    0.490834,
    0.363635,
    0.356054,
    0.786,
    0.349,
    0.972,
    0.828893,
    1.161929,
    0.759314,
    0.383,
    0.21,
    0.637,
    0.596879,
    0.907,
    0.415801,
    0.870178,
    0.546,
    0.858219,
    0.351106,
    0.385353,
    0.422,
    0.949889,
    0.679274,
    0.531712,
    0.471,
    0.707,
    0.24196,
    0.267,
    0.719992,
    0.305132,
    0.842945,
    0.680144,
    0.48,
    0.807,
    1.252,
    0.908695,
    0.633936,
    0.559561,
    0.412,
    0.792,
    0.908,
    0.57,
    1.125,
    0.520489,
    0.87,
    0.318,
    0.169,
    0.223,
    0.453,
    0.381,
    0.258839,
    0.678,
    0.448897,
    0.536752,
    0.398,
    0.337,
    0.279,
    0.363666,
    0.449,
    0.418392,
    0.479,
    0.621521,
    1.199,
    1.223,
    0.757,
    0.32,
    0.392,
    0.72581,
    0.193,
    0.696,
    0.77464,
    0.79887,
    0.29008,
    0.361,
    0.772,
    1.027,
    0.199,
    0.289291,
    0.582618,
    1.01433,
    0.738779,
    0.377883,
    0.247,
    0.991,
    0.307117,
    1.272903,
    0.368666,
    0.429103,
    0.404,
    0.28305,
    0.624,
    0.716758,
    0.275,
    0.832,
    1.153,
    0.781,
    0.543361,
    0.353103,
    0.460195,
    0.401,
    0.302,
    0.70867,
    0.421,
    0.285126,
    0.541,
    0.530616,
    0.328551,
    0.842,
    0.867,
    1.012654,
    0.738,
    0.789263,
    0.602,
    0.789353,
    0.566,
    0.572,
    0.247,
    0.625,
    0.938389,
    1.034807,
    0.465716,
    0.596,
    0.638,
    0.898409,
    0.527,
    0.891689,
    0.671822,
    0.906,
    0.64,
    0.782,
    0.597,
    0.484,
    0.396675,
    0.344,
    0.471,
    0.882159,
    0.693,
    0.47219,
    0.327,
    0.518,
    1.169,
    0.546,
    0.465,
    0.619002,
    0.46572,
    0.736,
    0.555338,
    0.554,
    0.604,
    0.664,
    0.739527,
    0.303,
    0.246,
    0.894,
    1.235546,
    0.356,
    1.097,
    1.154522,
    0.647,
    0.79622,
    0.765461,
    0.610701,
    0.898,
    0.746411,
    0.479,
    0.626049,
    0.461131,
    0.678,
    0.923,
    0.45,
    1.094,
    0.603618,
    0.9549,
    0.692,
    1.057227,
    0.245705,
    0.491548,
    0.833897,
    0.570981,
    0.98158,
    1.055,
    0.421,
    0.563,
    0.331543,
    0.652617,
    0.621705,
    0.428,
    0.236,
    0.519355,
    0.748,
    0.432307,
    0.163659,
    0.69,
    0.407,
    0.735,
    0.402342,
    0.28,
    1.046,
    0.681389,
    1.255447,
    0.86,
    0.498,
    0.932,
    0.442,
    1.047897,
    0.649,
    0.816178,
    1.272,
    0.694548,
    1.311776,
    0.486875,
    0.978,
    0.984,
    1.068,
    0.641061,
    0.477407,
    0.597,
    0.878,
    0.728721,
    0.544,
    0.41808,
    0.601
  ],
  "5242880": [
    0.282,
    0.422,
    0.354786,
    0.298,
    1.255447,
    0.838527,
    0.416,
    0.598073,
    0.86,
    0.445994,
    0.761,
    0.634,
    0.591027,
    0.719839,
    0.233,
    0.707192,
    0.827435,
    0.358,
    0.26747,
    0.673,
    0.5,
    0.538,
    0.379103,
    0.575,
    0.416495,
    0.345645,
    0.781,
    0.653518,
    0.477
  ],