{
  "1048576": [
    2.046254,
    3.429861,
    0.939,
    2.027,
    2.611,
    1.466,
    4.464,
    4.236,
    3.251,
    4.215425,
    3.23481,
    1.157,
    2.821,
    1.79133,
    3.015008,
    2.536,
    1.194,
    2.035905,
    2.596,
    2.284614,
    3.669671,
    3.058,
    2.329,
    3.031104,
    3.530889,
    3.336256,
    3.840443,
    4.601458,
    2.23,
    2.048635,
    3.146442,
    2.405627,
    2.55,
    3.39478,
    4.59,
    0.76115,
    0.991,
    2.678886,
    2.36718,
    4.297,
    2.993097,
    3.694128,
    2.903,
    5.295194,
    4.012,
    1.613,
    3.391,
    3.226796
  ],
  "51200": [
    1.018,
    1.240335,
    0.226176,
    1.41206,
    1.950337,
    0.675084,
    0.536,
    0.751548,
    0.934599,
    2.753806,
    0.687316,
    0.921968,
    0.891174,
    2.128103,
    1.743223,
    0.952124,
    2.824,
    1.62127,
    0.9,
    0.31,
    0.28496,
    1.456103,
    1.084269,
    2.697753,
    0.699254,
    0.77567,
    1.780978,
    1.013317,
    1.130569,
    0.889708,
    0.527387,
    0.643749,
    1.150539,
    0.931,
    1.484566,
    0.878578,
    1.417774,
    0.924351,
    0.369,
    0.328026,
    0.423222,
    1.284009,
    0.739644,
    0.656311,
    0.955756,
    1.097156,
    0.883778,
    0.484942,
    0.395719,
    3.172072,
    1.525476,
    0.51,
    1.309,
    2.802208,
    0.958657,
    1.392012,
    1.803693,
    0.985904,
    2.785488,
    1.005071,
    2.690825,
    0.492,
    0.941963,
    0.431938,
    0.567262,
    1.38563,
    0.604,
    1.017889,
    0.643432,
    1.58423,
    0.658,
    0.52639,
    0.732102,
    1.316,
    1.79767,
    1.175676,
    0.969,
    0.7882,
    2.098763,
    0.924007,
    0.706539,
    0.984597,
    1.355388,
    0.73008,
    0.568158,
    1.091153,
    0.796829,
    1.135158,
    2.722064,
    1.394626,
    1.63093,
    0.67867,
    1.088,
    2.782014,
    1.110567,
    0.747101,
    0.328138,
    1.04,
    1.637539,
    1.451,
    0.967454,
    2.522,
    1.118348,
    0.69,
    0.97,
    1.170385,
    0.734387,
    1.731,
    2.849374,
    1.131509,
    1.668,
    1.946196,
    0.677704,
    1.01494,
    1.381,
    2.194111,
    0.979445,
    0.769866,
    2.874,
    1.516,
    2.558,
    1.323,
    1.249534,
    0.51,
    1.08,
    0.686539,
    0.397441,
    0.742081,
    1.026526,
    1.615548,
    1.314819,
    1.289855,
    0.930354,
    1.493602,
    1.86779,
    1.497889,
    1.052,
    2.858392,
    1.388889,
    1.5,
    1.309681,
    2.748648,
    0.864,
    1.577103,
    0.182,
    0.341332,
    0.590066,
    0.540103,
    1.5164,
    2.605403,
    1.484117,
    0.999,
    0.753124,
    1.178,
    1.517042,
    1.484661,
    1.03992,
    1.554,
    0.584498,
    0.953576,
    1.422124,
    2.079628,
    0.808329,
    0.771582,
    1.199388,
    0.375497,
    1.455,
    0.489996,
    1.479842,
    1.329298,
    0.608903,
    1.706103,
    1.391036,
    2.491303,
    0.384185,
    0.348701,
    0.343828,
    1.134029,
    0.838948,
    0.731716,
    0.96202,
    0.905103,
    1.321,
    1.608,
    0.743712,
    1.180903,
    1.028,
    0.745683,
    2.732068,
    0.747968,
    1.206355,
    0.260592,
    1.433058,
    1.283802,
    0.746521,
    0.688174,
    1.525,
    1.273446,
    2.818103,
    1.124,
    1.659988,
    1.282937,
    1.71908,
    1.105395,
    2.688426,
    1.621116,
    1.53799,
    0.887103,
    1.973945,
    2.635265,
    0.692897,
    1.007,
    1.345876,
    2.590557,
    0.307732,
    1.249537,
    0.476,
    1.389,
    0.890388,
    0.342211,
    2.739192,
    1.168,
    2.868941,
    1.400898,
    0.923462,
    0.963,
    1.750692,
    2.215124,
    1.014787,
    1.60053,
    1.508692,
    0.879306,
    0.596,
    1.308669,
    0.662,
    1.659834,
    1.274305,
    1.81187,
    0.770843,
    1.414794,
    1.301763,
    0.635455,
    1.349865,
    1.537103,
    1.153056,
    0.933665,
    1.23839,
    1.656938,
    1.139347,
    1.015,
    1.010777,
    1.497299,
    1.684859,
    2.856531,
    1.679,
    0.90014,
    1.631,
    1.189506,
    0.991,
    1.396,
    0.612804,
    0.696,
    1.477373,
    0.966637,
    1.394419,
    0.73,
    1.018064,
    0.362203,
    0.429806,
    1.482422,
    1.955,
    0.866848,
    0.694293,
    0.701871,
    0.959149,
    0.724547,
    0.501869,
    1.666103,
    0.463,
    1.099636,
    2.575,
    1.242757,
    0.701191,
    1.670822,
    1.302,
    0.788312,
    1.781311,
    1.023913,
    1.334636,
    1.092726,
    0.80865,
    1.557214,
    2.017841,
    2.838216,
    1.265559,
    1.971589,
    0.860937,
    1.446,
    1.080823,
    1.238385,
    0.943316,
    1.762206,
    1.365804,
    0.601058,
    0.75374,
    1.541223,
    2.156731,
    1.962215,
    1.564485,
    0.886668,
    1.982677
  ],
  "5242880": [
    8.074509,
    18.565148,
    13.340876,
    13.276594,
    4.244,
    4.589,
    11.247327,
    11.89628,
    4.836,
    7.898,
    5.829417,
    6.554,
    11.297785,
    10.189,
    6.918
  ],