{
  "1048576": [
    0.353,
    0.234,
    0.741,
    0.597889,
    0.714,
    0.591,
    0.56,
    0.506,
    0.585931,
    0.648388,
    1.036,
    0.811978,
    0.611,
    0.306,
    0.424,
    1.162228,
    0.883027,
    0.512,
    0.452,
    0.302751,
    0.485,
    0.701719,
    1.130112,
    0.603111,
    0.500302,
    0.796,
    0.729456,
    0.667,
    0.319773,
    1.042,
    1.17316,
    0.782,
    0.132,
    0.168598,
    0.294221,
    0.713349,
    0.805939,
    0.929017,
    0.620327,
    1.193821,
    0.818491,
    0.71019,
    0.647802,
    0.201,
    0.566,
    0.605,
    0.743,
    0.635,
    0.504,
    0.491,
    0.745,
    0.714,
    0.878
  ],
  "51200": [
    0.181544,
    0.658,
    0.508009,
    0.371794,
    0.608,
    0.328127,
    0.80911,
    0.918241,
    0.548218,
    1.289,
    0.768,
    0.267264,
    0.575212,
    0.634028,
    0.484675,
    0.659,
    0.642523,
    1.056963,
    0.741,
    0.431734,
    0.807,
    0.803986,
    0.775,
    0.993,
    0.568,
    0.497,
    0.905206,
    0.838,
    0.308323,
    0.284492,
    0.288684,
    0.583,
    0.624,
    0.449917,
    0.57,
    0.343,
    0.528473,
    0.384103,
    0.173,
    0.313,
    0.465,
    0.435128,
    0.538,
    0.423935,
    0.575,
    0.655,
    0.809678,
    0.72539,
    0.535,
    0.680827,
    0.639,
    0.766785,
    0.723886,
    0.379,
    0.189404,
    0.294,
    0.57908,
    0.671903,
    1.058,
    0.732,
    0.831938,
    0.123048,
    0.25,
    0.50867,
    0.731145,
    0.992,
    0.27,
    1.04197,
    0.443,
    0.396786,
    0.848,
    0.659,
    0.473,
    0.783,
    0.478,
    1.41,
    0.695,
    0.364,
    0.188,
    0.327,
    0.507,
    0.662,
    0.464,
    0.520111,
    0.288806,
    0.562998,
    0.685,
    0.665,
    1.009,
    0.643,
    0.419572,
    1.168,
    0.693222,
    0.351,
    0.599,
    0.267103,
    0.23105,
    0.445,
    0.488598,
    0.328423,
    0.342,
    0.537,
    0.885,
    0.894,
    0.623,
    0.390102,
    0.577097,
    1.268,
    0.848,
    1.027897,
    0.511526,
    0.84,
    0.556,
    0.752027,
    1.067,
    1.375,
    0.878301,
    0.577081,
    0.286727,
    0.835422,
    0.164122,
    0.508352,
    0.492,
    1.003025,
    0.472,
    0.717,
    0.639,
    0.497,
    0.504122,
    0.413177,
    0.238159,
    0.42,
    0.768025,
    0.510784,
    0.435881,
    0.916124,
    1.031196,
    0.504,
    0.823,
    0.487,
    0.651,
    1.053388,
    0.583,
    0.613,
    0.171,
    0.461,
    0.555181,
    0.68,
    0.472,
    0.569777,
    0.376,
    0.22,
    0.604,
    0.579,
    0.503,
    0.719903,
    0.845752,
    0.693,
    0.546,
    0.17,
    0.313,
    0.333,
    0.497025,
    0.436,
    0.307,
    0.835878,
    0.594851,
    0.546051,
    0.550124,
    0.234,
    0.294876,
    0.698292,
    0.921,
    0.725,
    0.887719,
    0.87,
    0.306904,
    0.66341,
    0.624,
    0.784,
    0.264632,
    0.877114,
    0.395,
    0.19,
    0.358,
    0.522,
    0.525,
    0.347,
    0.63,
    0.624,
    0.452,
    0.828206,
    1.232,
    0.62,
    0.688393,
    0.456,
    1.019366,
    0.361876,
    1.293,
    0.401002,
    0.456,
    0.743,
    0.635,
    1.083,
    0.674103,
    0.669525,
    0.354,
    1.012867,
    1.118,
    1.145403,
    0.34,
    0.601,
    0.181365,
    0.219,
    0.821375,
    0.421,
    0.30393,
    0.53,
    0.580927,
    0.374313,
    0.344499,
    0.703576,
    0.947882,
    0.634216,
    1.277,
    0.763871,
    0.419773,
    0.338,
    0.238,
    0.775,
    0.77356,
    1.09,
    0.932003,
    0.331,
    1.195443,
    0.970152,
    0.738278,
    0.288,
    0.781394,
    0.422777,
    0.547767,
    0.432898,
    0.414,
    0.435,
    1.276107,
    0.835463,
    0.51388,
    0.4657,
    1.074355,
    0.551921,
    0.506,
    1.234,
    0.845889,
    0.828,
    0.47,
    0.509,
    0.378,
    0.272,
    1.012,
    0.507,
    0.328,
    0.214,
    0.574,
    0.755,
    0.233001,
    0.661683,
    0.355613,
    0.638,
    0.491205,
    0.57547,
    0.432,
    0.307786,
    0.335,
    0.436,
    1.091,
    0.491152,
    1.043,
    0.640858,
    0.914,
    0.919,
    0.794254,
    0.932413,
    0.773,
    0.785,
    0.732715,
    1.310876,
    0.427,
    0.504,
    0.856919,
    0.478707,
    1.029,
    0.603641,
    0.594154,
    0.582,
    0.518948,
    0.751,
    0.436,
    0.426,
    1.001954,
    0.506351,
    0.394,
    0.736
  ],
  "5242880": [
    0.83402,
    1.014549,
    0.633,
    0.618849,
    0.629,
    0.346453,
    0.396,
    0.643,
    0.721,
    0.508312,
    0.607,
    0.289,
    0.316022,
    0.683,
    0.555106,
    0.597399,
    1.094,
    0.530257,
    0.608858,
    0.651245,
    0.557876,
    0.913692
  ],