{
  "1048576": [
    1.481623,
    1.216,
    2.968,
    3.258013,
    3.675,
    2.402,
    2.321,
    2.121,
    2.444328,
    4.372388,
    5.001,
    3.621533,
    2.492,
    1.472,
    2.006,
    4.70658,
    3.712133,
    2.144,
    1.903,
    1.289751,
    2.614,
    2.931892,
    4.630772,
    2.542,
    2.155507,
    3.241,
    3.027456,
    2.798,
    1.389,
    4.422,
    4.803,
    3.24,
    0.787,
    0.795619,
    1.48862,
    2.916876,
    3.53,
    3.947,
    3.058,
    4.873156,
    7.394587,
    2.911111,
    2.666,
    0.894,
    2.943,
    2.611,
    3.522,
    2.559,
    2.108,
    2.821,
    3.337,
    3.279,
    3.649
  ],
  "51200": [
    0.291,
    1.439556,
    1.222647,
    0.743905,
    1.405718,
    0.831523,
    1.407542,
    1.675241,
    0.779684,
    2.817,
    1.261462,
    0.634974,
    1.18136,
    1.44,
    1.202823,
    1.086887,
    1.418523,
    2.59507,
    1.150547,
    0.85499,
    1.449715,
    1.571889,
    1.571485,
    2.121404,
    0.996,
    0.967928,
    1.579631,
    1.646,
    0.682024,
    0.322429,
    0.467849,
    1.233473,
    1.39553,
    1.075,
    1.249315,
    0.768,
    1.340196,
    0.758964,
    0.258222,
    0.528666,
    0.703962,
    1.021386,
    0.924,
    0.846,
    1.41848,
    1.142,
    1.431569,
    1.327582,
    1.143,
    1.271955,
    1.053124,
    1.511753,
    1.21,
    0.746799,
    0.323903,
    0.559368,
    1.260187,
    1.443992,
    2.60154,
    1.807223,
    1.604938,
    0.205404,
    0.411403,
    0.804742,
    1.436271,
    2.535876,
    0.498325,
    2.57797,
    0.901225,
    0.785786,
    1.616146,
    1.277103,
    0.881223,
    1.199832,
    0.843,
    3.365325,
    1.650698,
    0.691856,
    0.406,
    0.565,
    0.888327,
    1.435,
    1.154224,
    0.901657,
    0.683,
    1.183,
    1.333986,
    1.253599,
    2.135889,
    1.034,
    0.615914,
    2.708187,
    1.510077,
    0.72,
    1.213,
    0.45,
    0.425045,
    1.029391,
    0.873626,
    0.589373,
    0.755,
    1.342766,
    1.689486,
    1.60658,
    1.152,
    0.703928,
    0.961097,
    2.804933,
    1.723435,
    2.020897,
    0.954826,
    1.476084,
    1.094686,
    1.405091,
    2.181,
    2.897861,
    1.663427,
    1.033175,
    0.64164,
    1.458236,
    0.251136,
    0.811804,
    0.79862,
    2.065371,
    1.035,
    1.485,
    1.484206,
    0.960231,
    0.873839,
    0.873274,
    0.420159,
    0.740212,
    1.576282,
    0.761,
    0.788012,
    1.682851,
    2.143196,
    0.945,
    1.604103,
    0.949432,
    1.119627,
    2.585683,
    1.177103,
    1.219553,
    0.268,
    0.971754,
    0.971734,
    1.456509,
    0.82,
    1.393901,
    0.788124,
    0.452,
    1.144539,
    1.354006,
    1.187737,
    1.563,
    1.627752,
    1.459689,
    1.325,
    0.228396,
    0.571903,
    0.494,
    0.788309,
    1.042124,
    0.6031,
    1.865,
    1.352851,
    0.919565,
    0.922,
    0.376138,
    0.482809,
    1.493866,
    2.035425,
    1.546103,
    1.994144,
    1.697217,
    0.680272,
    1.406279,
    1.265903,
    1.562124,
    0.427903,
    1.955586,
    0.771,
    0.357149,
    0.737,
    1.298,
    0.884,
    0.605351,
    0.993314,
    1.238103,
    0.825905,
    1.610111,
    2.742,
    1.070248,
    1.548867,
    0.77324,
    2.100273,
    0.779439,
    2.826111,
    0.727876,
    0.703704,
    1.35483,
    1.198,
    3.303,
    1.299441,
    1.186492,
    0.608568,
    2.149008,
    2.656954,
    2.682022,
    0.749052,
    1.231093,
    0.318614,
    0.405,
    1.86,
    0.799133,
    0.568,
    0.905548,
    1.41326,
    0.889081,
    0.636345,
    1.312078,
    1.740882,
    1.241418,
    2.805103,
    1.445,
    0.84794,
    0.648496,
    0.451012,
    1.552222,
    1.57456,
    2.39,
    1.954808,
    0.582207,
    2.725609,
    1.75472,
    1.424403,
    0.455198,
    1.541801,
    0.649777,
    1.171751,
    0.803802,
    0.698807,
    0.810879,
    2.813107,
    1.456463,
    0.872,
    0.771582,
    1.727,
    1.055165,
    1.069704,
    2.781,
    1.625889,
    1.817861,
    0.98357,
    1.123,
    0.73008,
    0.530248,
    2.548999,
    1.190439,
    0.755133,
    0.326644,
    1.193,
    1.536024,
    0.439075,
    1.287061,
    0.778504,
    1.414884,
    0.842205,
    1.023363,
    0.797191,
    0.566344,
    0.603007,
    0.937,
    2.63,
    0.801648,
    2.585,
    1.444544,
    1.822376,
    1.552694,
    1.424043,
    1.711,
    1.370857,
    1.307,
    1.296897,
    2.842733,
    0.927426,
    0.986759,
    1.513104,
    0.983103,
    2.104045,
    1.025421,
    1.0,
    1.145704,
    0.938452,
    1.368244,
    0.91452,
    0.766992,
    2.103841,
    0.925948,
    0.679877,
    1.55581
  ],
  "5242880": [
    11.332861,
    9.048156,
    10.604,
    10.351,
    11.761,
    4.501453,
    5.133,
    9.298,
    8.94,
    9.321242,
    7.237,
    4.682,
    3.729022,
    8.347,
    8.544106,
    10.035399,
    15.248,
    8.557,
    8.181,
    7.599897,
    9.066876,
    12.151289
  ],