{
  "1048576": [
    0.59079,
    0.549,
    0.798,
    0.948,
    0.192,
    0.733,
    0.652,
    0.66,
    0.711,
    0.454262,
    1.066,
    0.49995,
    0.648,
    0.602,
    0.4141,
    0.788636,
    0.711,
    0.472,
    0.812097,
    0.805723,
    0.458,
    0.623,
    0.524639,
    0.87,
    0.603,
    0.777876,
    0.77,
    0.283,
    0.585833,
    0.411,
    0.297,
    0.621,
    0.495,
    0.562,
    0.246,
    0.662,
    0.401,
    0.639,
    0.182,
    0.578,
    0.644,
    0.71,
    0.581,
    0.319897,
    0.619,
    0.341416,
    0.320103,
    0.587,
    0.621,
    0.796536,
    0.951,
    1.105408,
    0.718935
  ],
  "51200": [
    0.369627,
    0.226219,
    0.626,
    0.667889,
    0.247,
    0.457674,
    0.386,
    1.113,
    0.598186,
    0.360749,
    0.855568,
    0.926,
    0.547,
    0.818644,
    0.319466,
    0.340908,
    0.642,
    0.536,
    0.42,
    1.104,
    0.632,
    0.9844,
    0.676309,
    0.604336,
    0.37,
    0.375,
    0.828,
    0.503,
    0.733,
    0.421,
    0.335778,
    0.536225,
    0.838,
    0.722126,
    0.465767,
    0.333006,
    0.379,
    0.632,
    0.559,
    0.256303,
    1.005,
    0.657,
    0.744,
    0.445,
    0.707524,
    0.677661,
    0.611,
    0.69932,
    0.245024,
    0.657,
    0.299,
    0.308,
    0.818739,
    0.248946,
    0.31,
    0.631,
    0.515048,
    0.721,
    0.198711,
    0.644,
    0.478501,
    0.293,
    0.375,
    0.803,
    1.205673,
    0.687979,
    0.330755,
    0.480111,
    0.755,
    0.702802,
    0.505,
    0.784576,
    0.692,
    0.434389,
    0.568,
    0.203114,
    0.529,
    0.473016,
    0.294,
    0.262,
    0.615314,
    0.794786,
    0.578,
    0.855204,
    1.027631,
    0.966,
    1.181438,
    1.151,
    0.377533,
    0.638253,
    0.624343,
    0.193,
    0.637789,
    0.83,
    0.617,
    0.625,
    0.328,
    0.534,
    0.528129,
    0.779,
    0.458,
    0.942,
    0.721,
    0.966,
    0.790522,
    0.846494,
    0.780312,
    0.546278,
    0.929254,
    0.79781,
    0.646,
    0.891,
    1.352084,
    0.295,
    0.543,
    0.276,
    0.465,
    0.433,
    1.086,
    0.660151,
    0.534485,
    0.7944,
    1.139124,
    0.290764,
    0.297,
    0.385129,
    0.846,
    1.096176,
    0.558,
    0.47,
    0.578,
    0.695,
    0.746,
    0.471646,
    1.017,
    0.84737,
    0.6,
    0.81,
    1.035,
    0.548894,
    0.551447,
    0.61513,
    0.512392,
    0.339,
    0.343091,
    0.483097,
    0.589085,
    0.153002,
    0.676545,
    0.850503,
    0.342,
    0.672,
    0.485,
    0.694429,
    0.561436,
    0.255,
    0.259142,
    0.666,
    1.072056,
    0.495592,
    0.397,
    0.592762,
    1.184,
    0.708,
    0.217854,
    0.262007,
    0.838237,
    0.436,
    0.261,
    0.661294,
    0.360206,
    0.607316,
    0.859881,
    0.343,
    0.649,
    0.344363,
    0.553195,
    0.381949,
    0.789903,
    0.774,
    0.474977,
    0.724103,
    1.275996,
    0.681,
    0.361,
    0.609,
    0.143,
    0.580083,
    1.068518,
    0.645,
    0.867,
    0.604519,
    0.572335,
    0.876286,
    0.855,
    0.930039,
    0.48686,
    1.058709,
    1.272,
    0.923,
    1.299715,
    0.902629,
    0.507,
    0.365,
    0.318432,
    0.376,
    0.495,
    0.553,
    0.394,
    1.158281,
    0.366466,
    0.305403,
    0.251002,
    0.687,
    0.430632,
    0.77,
    0.469,
    0.303061,
    0.477,
    1.042103,
    0.861,
    0.354373,
    0.935,
    0.464,
    0.61,
    0.664,
    0.727,
    0.728522,
    0.863,
    0.445,
    0.922,
    0.38508,
    0.785,
    0.794802,
    0.931352,
    0.42508,
    0.497402,
    0.723,
    1.166794,
    0.669067,
    0.282,
    0.785317,
    0.41122,
    0.467,
    0.412657,
    0.672427,
    0.436773,
    0.410742,
    0.484,
    0.906,
    1.259349,
    0.599441,
    0.739,
    0.94,
    0.541,
    0.431453,
    0.712,
    0.616,
    0.671915,
    0.718,
    1.198,
    0.320872,
    0.207289,
    0.316,
    0.443655,
    1.051,
    0.654111,
    0.449,
    0.499,
    0.343,
    0.673,
    0.541967,
    0.663792,
    0.388986,
    0.524,
    0.54,
    0.330687,
    0.621,
    1.165,
    0.847152,
    0.617,
    0.714,
    1.466,
    0.762693,
    0.822,
    0.872315,
    0.886,
    0.942,
    0.658638,
    1.051,
    0.529,
    0.508,
    0.421842,
    1.186,
    0.419,
    0.54694,
    0.971842
  ],
  "5242880": [
    0.627,
    1.204128,
    0.768464,
    0.522224,
    0.193,
    0.186955,
    0.770859,
    0.304,
    0.401443,
    0.558,
    0.265,
    0.472316,
    0.694,
    0.558,
    0.70611,
    0.326,
    0.663,
    0.645,
    0.919673
  ],