{
  "1048576": [
    1.08,
    1.294,
    1.219,
    1.306,
    4.363103,
    1.583532,
    4.153,
    4.745,
    1.390656,
    3.232,
    1.683267,
    5.825096,
    4.374794,
    2.109567,
    2.434153,
    1.67,
    3.403,
    1.623,
    1.466,
    2.717638,
    2.331914,
    2.735,
    3.40036,
    3.52,
    3.168,
    2.072119,
    1.173538,
    2.295,
    2.69661,
    2.582,
    1.898897,
    3.894,
    1.071,
    1.992694,
    3.018,
    1.686231,
    1.45643,
    2.646,
    1.060889,
    5.1709,
    4.035,
    1.655,
    3.205,
    1.559,
    3.295,
    3.574,
    3.275,
    2.686,
    2.708,
    1.419,
    3.611063,
    2.797097,
    5.013
  ],
  "51200": [
    2.564116,
    0.176555,
    0.405889,
    1.442,
    1.952821,
    1.40787,
    0.716021,
    0.90583,
    2.105135,
    1.764903,
    1.361686,
    0.970514,
    2.778,
    1.177244,
    0.232391,
    0.73946,
    1.282768,
    0.526853,
    2.55631,
    1.440541,
    1.077676,
    0.81234,
    1.631353,
    0.69354,
    0.78686,
    1.326725,
    0.962,
    0.932369,
    1.111,
    1.741244,
    0.690103,
    0.152,
    1.268518,
    1.512547,
    1.16199,
    1.960618,
    0.376989,
    2.568237,
    0.975,
    1.436,
    1.205799,
    1.806095,
    1.473107,
    1.037945,
    0.488,
    2.581141,
    1.368,
    2.809683,
    1.042238,
    0.93067,
    1.15597,
    1.67539,
    1.419542,
    1.006111,
    1.689,
    1.992743,
    1.56,
    2.653759,
    0.430777,
    1.506628,
    0.651,
    0.924,
    1.474692,
    0.819889,
    0.986207,
    0.755959,
    1.185887,
    0.411178,
    0.374257,
    1.865451,
    1.431952,
    1.431235,
    0.948886,
    3.187,
    0.64,
    1.600562,
    1.564149,
    2.120206,
    0.916,
    0.643831,
    2.099134,
    0.745273,
    1.43204,
    0.517211,
    1.26024,
    0.722235,
    0.496223,
    1.003,
    1.407714,
    1.278,
    1.418,
    1.53039,
    1.571018,
    1.198,
    1.634549,
    0.969726,
    1.176657,
    0.747022,
    0.156661,
    0.375521,
    1.408206,
    0.527766,
    1.380124,
    1.976173,
    0.871307,
    0.914768,
    1.01963,
    0.813,
    1.091,
    0.885461,
    1.690654,
    1.248871,
    1.631,
    0.88563,
    1.424,
    1.165,
    1.36549,
    1.066427,
    1.016601,
    1.322,
    1.66637,
    1.509538,
    0.272806,
    0.54039,
    0.366827,
    1.49839,
    1.934668,
    2.55029,
    1.143852,
    2.791067,
    1.114698,
    1.267111,
    0.675889,
    1.625111,
    0.66,
    2.693755,
    0.626407,
    1.233908,
    1.827547,
    1.183,
    0.796123,
    0.869437,
    1.179732,
    0.728734,
    0.947,
    1.461111,
    1.924,
    2.548111,
    0.614446,
    1.333,
    0.270831,
    1.446766,
    0.732904,
    1.037372,
    0.817,
    1.388,
    0.359713,
    0.564,
    0.470052,
    0.468,
    1.933341,
    0.772248,
    0.557175,
    0.728745,
    1.321957,
    0.772795,
    0.27142,
    0.406,
    0.747323,
    1.072,
    0.765824,
    1.501206,
    1.468,
    0.80785,
    0.205688,
    0.423305,
    1.447404,
    1.394934,
    1.400107,
    2.538,
    1.16955,
    1.04973,
    1.184746,
    0.670492,
    0.55033,
    2.07825,
    1.8,
    0.990847,
    1.182,
    1.483208,
    1.632,
    1.049529,
    1.435,
    0.703103,
    0.960609,
    0.746362,
    0.923,
    1.772288,
    1.251,
    1.084,
    1.612,
    2.779018,
    0.977596,
    0.551078,
    1.581103,
    1.295827,
    1.303223,
    1.888202,
    0.6189,
    1.040353,
    2.584433,
    1.455,
    0.373,
    1.87024,
    0.823118,
    0.715,
    0.718938,
    1.009279,
    1.54569,
    1.50512,
    0.878707,
    0.909012,
    1.493,
    1.227,
    1.106,
    1.569125,
    0.834045,
    1.604712,
    1.133826,
    2.015341,
    0.6156,
    0.91059,
    2.651754,
    0.528248,
    1.574115,
    0.604,
    1.071514,
    2.625,
    2.658,
    1.364671,
    1.37186,
    1.420499,
    1.978,
    1.265,
    1.677,
    1.233096,
    1.586389,
    2.586842,
    1.660675,
    0.578053,
    1.950668,
    1.309298,
    1.399446,
    1.494206,
    0.576627,
    0.920555,
    0.63605,
    0.81896,
    0.703,
    0.715697,
    0.967648,
    2.569027,
    0.224378,
    1.18897,
    1.436892,
    1.457308,
    1.934,
    0.709251,
    1.44991,
    0.743738,
    1.287461,
    1.779,
    1.237,
    0.957903,
    0.891024,
    1.351643,
    1.025006,
    1.729103,
    0.713086,
    0.702103,
    0.692103,
    1.151507,
    2.093,
    1.063122,
    1.114261,
    1.119792,
    1.23559,
    0.925924,
    0.748733,
    0.682222,
    0.838,
    1.99414,
    1.060227,
    1.577171,
    0.963
  ],
  "5242880": [
    5.608702,
    13.641174,
    12.085,
    7.78,
    3.321753,
    8.297,
    7.478,
    11.194,
    10.257,
    12.57,
    12.666,
    9.368,
    5.448,
    10.882,
    5.475668,
    11.67,
    7.446,
    9.271,
    5.834,
    8.582,
    5.243,
    12.977,
    10.519,
    7.168,
    10.935
  ],