{
  "1048576": [
    0.251,
    0.298,
    0.299,
    0.294,
    0.997592,
    0.395635,
    0.742,
    1.68,
    0.292,
    0.798,
    0.346504,
    1.445096,
    1.016072,
    0.500567,
    0.415612,
    0.375,
    0.836,
    0.39,
    0.347,
    0.445638,
    0.548914,
    0.659,
    0.784124,
    0.855,
    0.681911,
    0.42,
    0.286538,
    0.552,
    0.638,
    0.603189,
    0.441154,
    0.976,
    0.247,
    0.424694,
    0.732,
    0.426208,
    0.337385,
    0.654,
    0.221889,
    1.264118,
    0.869,
    0.327539,
    0.784,
    0.315,
    0.816,
    0.809,
    0.606,
    0.649,
    0.661,
    0.336,
    0.882332,
    0.452097,
    1.237
  ],
  "51200": [
    1.033116,
    0.131,
    0.233889,
    0.657,
    0.821216,
    0.63,
    0.335949,
    0.449882,
    0.864135,
    0.993,
    0.740824,
    0.573,
    1.272,
    0.673,
    0.162564,
    0.448056,
    0.671,
    0.278,
    1.007,
    0.70254,
    0.568,
    0.36,
    0.846,
    0.394615,
    0.363604,
    0.702133,
    0.536,
    0.534,
    0.719,
    1.02,
    0.303,
    0.112501,
    0.648459,
    0.740647,
    0.505103,
    0.833508,
    0.225989,
    1.042237,
    0.515517,
    0.678257,
    0.594513,
    1.008256,
    0.753083,
    0.575,
    0.223,
    1.032,
    0.56326,
    1.273738,
    0.451,
    0.428179,
    0.647,
    0.885,
    0.714922,
    0.603,
    0.94,
    1.024818,
    0.888,
    1.109776,
    0.233989,
    0.735,
    0.45,
    0.475,
    0.696,
    0.423889,
    0.528104,
    0.339,
    0.571,
    0.237464,
    0.214246,
    0.795253,
    0.649,
    0.646313,
    0.489,
    1.444111,
    0.293361,
    0.833888,
    0.78561,
    0.982,
    0.511,
    0.425897,
    1.029749,
    0.384,
    0.657733,
    0.270503,
    0.603097,
    0.342234,
    0.235,
    0.62333,
    0.604,
    0.786176,
    0.793903,
    0.753,
    0.796797,
    0.669,
    0.763,
    0.555,
    0.717,
    0.366,
    0.121983,
    0.164,
    0.636,
    0.266656,
    0.574,
    0.947,
    0.367063,
    0.4,
    0.457194,
    0.492,
    0.58,
    0.508922,
    0.919,
    0.809,
    0.834,
    0.464446,
    0.795,
    0.559,
    0.736957,
    0.695,
    0.531097,
    0.654,
    0.848648,
    0.667798,
    0.152103,
    0.314606,
    0.19452,
    0.735,
    0.861712,
    1.022414,
    0.529852,
    1.246498,
    0.734698,
    0.676,
    0.368437,
    0.856103,
    0.369,
    1.169,
    0.365407,
    0.565,
    0.893777,
    0.676,
    0.424744,
    0.469,
    0.707,
    0.320694,
    0.533,
    0.684,
    0.846734,
    1.007806,
    0.306,
    0.516,
    0.147222,
    0.678,
    0.420532,
    0.410873,
    0.406,
    0.927804,
    0.212449,
    0.342083,
    0.227,
    0.229,
    0.929488,
    0.341,
    0.30472,
    0.325,
    0.511865,
    0.385,
    0.163,
    0.223,
    0.468645,
    0.461625,
    0.385,
    0.717,
    0.657,
    0.39885,
    0.143,
    0.188129,
    0.660642,
    0.609308,
    0.622893,
    1.008209,
    0.702381,
    0.536157,
    0.682366,
    0.352,
    0.364,
    1.00525,
    0.861,
    0.569631,
    0.571,
    0.703,
    0.869716,
    0.432499,
    0.652,
    0.321,
    0.521484,
    0.424,
    0.46382,
    0.971288,
    0.65,
    0.664816,
    0.828,
    1.238,
    0.544764,
    0.33,
    0.801111,
    0.63144,
    0.78,
    0.908,
    0.349,
    0.668,
    1.042615,
    0.685,
    0.201,
    0.802212,
    0.394139,
    0.39827,
    0.34,
    0.548,
    0.877802,
    0.88,
    0.476,
    0.40851,
    0.776,
    0.672555,
    0.591,
    0.751,
    0.455,
    0.818833,
    0.534,
    0.978341,
    0.3316,
    0.491096,
    1.109105,
    0.356,
    0.755,
    0.367,
    0.514,
    1.088,
    1.14,
    0.69292,
    0.757083,
    0.79161,
    1.200722,
    0.641,
    0.896,
    0.629,
    0.782467,
    1.039,
    0.738,
    0.303,
    0.824,
    0.624,
    0.604,
    0.654,
    0.464,
    0.473295,
    0.417,
    0.489,
    0.324,
    0.328,
    0.506887,
    1.035027,
    0.145172,
    0.585296,
    0.675911,
    0.674441,
    0.808223,
    0.336,
    0.674658,
    0.355737,
    0.53277,
    0.921,
    0.646,
    0.705,
    0.449,
    0.726815,
    0.62,
    0.865,
    0.423,
    0.507,
    0.516,
    0.700549,
    1.023,
    0.559,
    0.687,
    0.631,
    0.772,
    0.499707,
    0.332573,
    0.299842,
    0.455,
    0.91314,
    0.724,
    0.784886,
    0.524
  ],
  "5242880": [
    0.682,
    1.250174,
    0.875,
    0.501,
    0.210959,
    0.687,
    0.568,
    0.987,
    0.671,
    1.046,
    1.215,
    1.041,
    0.491254,
    0.731513,
    0.568668,
    0.699,
    0.594,
    0.66,
    0.359,
    0.707,
    0.233,
    0.905,
    0.649,
    0.43,
    0.69
  ],