{
  "1048576": [
    9.398,
    1.978,
    2.692889,
    2.005,
    2.037,
    4.135714,
    0.961,
    3.471,
    3.089,
    2.601561,
    1.298728,
    2.922,
    2.72385,
    2.212,
    2.087,
    1.491,
    2.334,
    4.149,
    3.462232,
    2.781,
    2.559403,
    2.151,
    1.560267,
    2.103,
    2.268903,
    2.319572,
    2.36738,
    2.994,
    2.431438,
    2.487,
    4.13418,
    3.188,
    4.253,
    1.99,
    4.651,
    4.827,
    2.075989,
    3.36,
    3.024,
    1.911,
    1.351,
    1.348,
    1.783504,
    1.247,
    2.226,
    2.464,
    2.718,
    4.660943,
    2.6
  ],
  "51200": [
    0.628917,
    1.095945,
    1.003146,
    0.401803,
    1.271433,
    1.839719,
    0.637,
    0.831,
    1.359751,
    1.558103,
    1.504944,
    1.315,
    1.283238,
    0.879,
    1.126758,
    2.170669,
    1.067981,
    0.212,
    0.341995,
    0.513529,
    0.921102,
    2.215738,
    1.292247,
    1.125,
    0.81884,
    0.467,
    1.42612,
    0.973,
    1.117563,
    0.947,
    1.449,
    2.36707,
    0.983851,
    2.23345,
    1.181124,
    0.394895,
    1.198494,
    0.901,
    2.168708,
    0.699,
    1.221656,
    2.189397,
    1.254,
    0.238878,
    1.184,
    0.744293,
    0.495267,
    0.863889,
    0.960106,
    1.287,
    0.832288,
    1.944076,
    0.946752,
    0.868,
    1.763707,
    1.410728,
    0.61168,
    0.457466,
    1.569625,
    0.7,
    1.158006,
    1.066304,
    0.302959,
    1.246,
    0.436439,
    0.901103,
    0.725276,
    0.318588,
    0.635106,
    1.173,
    0.812968,
    0.591,
    1.404,
    1.411858,
    1.257903,
    0.875,
    0.809,
    0.967324,
    0.259,
    0.432821,
    1.252,
    0.559411,
    0.927885,
    2.163453,
    0.432046,
    1.155826,
    1.296,
    0.748333,
    0.630605,
    0.534,
    1.247376,
    2.354781,
    0.651952,
    0.741479,
    1.396124,
    1.231437,
    0.939889,
    0.344279,
    1.655684,
    2.192182,
    0.612877,
    0.73262,
    0.975608,
    2.382254,
    0.67017,
    0.901244,
    1.959095,
    1.816,
    0.912138,
    1.09518,
    0.84,
    0.94313,
    1.065191,
    0.911211,
    1.13733,
    0.980445,
    0.909,
    0.936406,
    1.411878,
    0.613794,
    0.352237,
    1.222627,
    0.641728,
    2.225977,
    0.908953,
    1.189,
    1.47539,
    0.442022,
    1.109,
    1.352345,
    1.363,
    1.757446,
    2.248535,
    1.472,
    1.146,
    1.244522,
    0.693328,
    0.793175,
    1.020919,
    1.121166,
    2.333228,
    1.424888,
    1.326,
    1.259348,
    0.311306,
    0.221602,
    1.437543,
    1.262,
    1.688,
    0.640697,
    0.797372,
    0.837708,
    1.517245,
    1.058281,
    1.23144,
    1.266748,
    2.031161,
    2.147905,
    0.481,
    2.200408,
    1.521184,
    0.259707,
    1.096196,
    0.459,
    2.172913,
    2.198,
    1.090676,
    0.491205,
    0.884833,
    1.001256,
    0.704339,
    0.974188,
    0.624412,
    1.057,
    2.181238,
    0.361545,
    1.029917,
    0.965443,
    0.501,
    1.564697,
    1.356821,
    1.242001,
    1.149483,
    1.194248,
    0.850288,
    0.72293,
    0.728897,
    0.776246,
    0.92248,
    0.87639,
    1.359549,
    0.760111,
    1.181319,
    0.702276,
    1.048641,
    1.215983,
    0.184578,
    2.23187,
    0.427949,
    0.857,
    0.835,
    1.079968,
    1.440103,
    1.838,
    0.860345,
    1.602877,
    1.101124,
    1.347269,
    0.939871,
    0.706549,
    1.374222,
    2.321591,
    1.162,
    2.165445,
    0.309326,
    0.462529,
    0.46468,
    0.481,
    1.080128,
    2.248661,
    1.441,
    1.034772,
    0.766037,
    0.998,
    1.255,
    0.972,
    0.875841,
    1.072496,
    1.188642,
    0.74,
    1.503678,
    0.562978,
    1.155582,
    1.68181,
    1.425638,
    0.70925,
    0.773272,
    1.717568,
    2.382239,
    1.155216,
    0.489,
    0.769,
    1.319155,
    1.148,
    1.310555,
    0.942,
    1.182408,
    1.23419,
    0.998743,
    1.472376,
    2.017198,
    0.86456,
    1.474453,
    0.897966,
    1.430042,
    1.463924,
    0.251739,
    1.03662,
    0.972319,
    0.84441,
    2.135,
    0.517689,
    0.629944,
    1.259012,
    0.578644,
    0.513,
    1.463776,
    1.300353,
    1.296369,
    0.840026,
    0.579,
    0.664268,
    0.387,
    1.239,
    0.882905,
    0.788,
    1.278877,
    1.222338,
    1.55558,
    0.897704,
    1.233,
    1.292822,
    0.879693,
    1.505913,
    1.260329,
    1.385476,
    1.489473,
    1.159731,
    1.278,
    1.07101,
    1.459123,
    2.513,
    1.1,
    2.310897,
    1.762879,
    1.426867,
    1.715,
    0.90969,
    1.248111,
    0.83256,
    1.371248,
    0.778532,
    1.334398
  ],
  "5242880": [
    12.147,
    9.163,
    11.691973,
    8.256,
    4.637,
    11.404869,
    9.167,
    7.229772,
    8.863,
    14.704,
    12.955,
    7.596,
    8.99575,
    9.587,
    4.586095,
    7.706,
    8.469332,
    8.149,
    9.800968,
    4.945298,
    7.921,
    5.26529
  ],