{
  "1048576": [
    0.549,
    0.380233,
    0.634769,
    0.712524,
    0.842998,
    0.475,
    0.4867,
    0.397956,
    0.5366,
    0.632838,
    0.146,
    0.936647,
    0.339461,
    0.524,
    0.207229,
    0.949,
    1.066466,
    0.518782,
    0.611,
    0.321,
    0.754066,
    0.30085,
    0.511,
    0.581442,
    0.783581,
    0.684,
    0.521,
    0.711057,
    1.248573,
    0.435408,
    1.292,
    0.825,
    0.934,
    0.721,
    0.630366,
    0.783,
    0.908,
    0.68,
    0.289765,
    0.698189,
    0.381,
    0.665,
    0.58,
    0.919138,
    0.641,
    0.971,
    0.748103
  ],
  "51200": [
    0.183,
    0.277293,
    0.624,
    0.311,
    0.624512,
    0.640744,
    0.256982,
    1.162,
    0.744,
    0.658655,
    0.384685,
    0.802233,
    0.573073,
    0.83,
    1.016828,
    0.478513,
    0.859735,
    1.025,
    0.673889,
    0.194837,
    0.272006,
    0.299,
    0.489,
    0.373,
    0.562149,
    0.437,
    0.858597,
    0.920648,
    0.67,
    0.954,
    0.496,
    1.18,
    0.686,
    0.244,
    0.5945,
    0.19808,
    0.734,
    0.692,
    0.338722,
    1.049505,
    0.801057,
    0.580349,
    0.555,
    0.296021,
    0.627,
    1.331,
    0.917,
    1.235461,
    0.496,
    0.993,
    1.118809,
    0.608299,
    0.855085,
    0.654,
    0.841,
    0.680546,
    0.231,
    0.295339,
    0.523,
    0.549,
    0.379384,
    0.54945,
    0.386,
    0.624695,
    0.338461,
    0.183565,
    0.592,
    0.458,
    0.522,
    0.472,
    0.522784,
    1.037,
    0.484609,
    0.54437,
    0.373,
    0.794,
    0.564401,
    0.455,
    0.429189,
    0.589,
    0.623316,
    0.358,
    0.368422,
    0.35,
    0.394549,
    0.570899,
    0.678,
    0.665,
    0.423,
    0.300292,
    0.757619,
    0.875,
    0.379902,
    0.601852,
    0.743,
    0.643908,
    0.606,
    0.529,
    0.21492,
    0.166629,
    0.78982,
    0.875,
    0.786248,
    0.297149,
    1.106583,
    0.578022,
    0.853543,
    0.43,
    0.836752,
    0.833398,
    0.891,
    0.605012,
    0.888642,
    0.531237,
    0.829285,
    0.415,
    0.719,
    0.778736,
    0.573,
    0.871,
    1.111133,
    0.454946,
    0.454,
    0.431324,
    0.757405,
    0.618,
    0.836111,
    0.715,
    0.303,
    0.592,
    0.38131,
    0.286,
    0.367,
    0.676,
    0.461,
    0.787363,
    1.1,
    0.662,
    0.826338,
    0.769,
    0.423,
    0.819,
    0.363,
    0.631,
    0.500158,
    0.565221,
    0.769376,
    0.182163,
    0.591,
    0.671117,
    0.704497,
    0.698,
    0.558,
    0.258,
    0.462,
    0.697,
    0.156,
    0.467494,
    1.042612,
    0.510967,
    0.32998,
    0.577,
    0.217,
    0.235,
    0.286,
    0.214,
    0.528,
    0.314918,
    0.803,
    0.708,
    0.505243,
    0.447,
    0.352,
    0.530166,
    0.622285,
    0.655,
    0.620384,
    0.719,
    0.324488,
    0.259163,
    0.158,
    0.35565,
    0.971,
    1.017604,
    1.199,
    0.398779,
    0.341358,
    0.923674,
    0.614,
    0.508,
    1.185888,
    0.698414,
    0.359,
    0.153,
    0.231602,
    0.394,
    0.471648,
    0.994,
    1.028,
    0.609803,
    0.536,
    0.513554,
    0.456,
    0.717,
    0.872,
    1.275,
    0.581,
    0.550608,
    0.47,
    0.309258,
    0.323,
    0.844,
    1.156,
    0.76275,
    0.407,
    0.645,
    0.762,
    0.598,
    0.213,
    0.719,
    0.22,
    0.751387,
    1.092,
    0.323889,
    0.615224,
    0.541,
    0.455889,
    0.907,
    0.555,
    0.686,
    0.634,
    0.881103,
    0.972,
    0.440209,
    0.523212,
    0.794,
    0.392,
    0.922847,
    0.511,
    0.547103,
    0.574556,
    0.207817,
    0.411281,
    0.648,
    0.918267,
    0.477111,
    0.662,
    0.441218,
    0.61,
    0.612422,
    0.518805,
    0.553,
    0.892,
    1.086,
    0.596,
    0.886014,
    0.818,
    0.731,
    0.313809,
    0.31822,
    0.146,
    0.544,
    0.628082,
    0.549325,
    0.972,
    0.50184,
    0.2,
    0.555,
    0.393981,
    0.841149,
    0.26,
    0.298,
    0.713,
    0.561022,
    1.084651,
    0.295831,
    0.177,
    0.330103,
    0.2,
    0.549759,
    1.05001,
    0.593802,
    0.460876,
    0.699,
    0.8,
    0.511068,
    0.627267,
    0.669,
    0.360041,
    0.778714,
    0.96943,
    0.825,
    0.634,
    0.589,
    0.629,
    0.537716,
    0.736784,
    1.136,
    0.679,
    0.391567,
    0.437,
    0.983,
    0.512096,
    0.751,
    0.483,
    0.67
  ],
  "5242880": [
    1.063,
    0.332368,
    0.499,
    0.945305,
    0.601,
    1.273,
    0.472,
    0.487,
    0.827007,
    0.906,
    0.737,
    1.077,
    0.466887,
    0.697,
    0.360909,
    0.372,
    1.079375,
    0.286,
    0.585,
    0.937103,
    0.897,
    0.672,
    0.394625,
    0.436314,
    0.397359
  ],