{
  "1048576": [
    2.385,
    1.587237,
    2.632769,
    2.903,
    3.498,
    1.995,
    2.1057,
    2.716567,
    3.2196,
    2.692928,
    0.699,
    4.020647,
    1.469461,
    2.154,
    1.039,
    4.269,
    4.391735,
    2.208,
    2.509,
    1.348,
    3.230066,
    1.321188,
    2.338372,
    2.432442,
    3.289537,
    2.816,
    2.143,
    2.959314,
    5.051477,
    1.951408,
    5.178,
    3.712,
    3.876,
    3.034,
    2.63473,
    3.216,
    3.777,
    2.828,
    1.257765,
    2.827,
    1.593,
    2.76,
    2.406,
    3.831732,
    2.821206,
    4.042,
    3.534
  ],
  "51200": [
    0.241,
    0.38268,
    1.411468,
    0.596,
    1.241892,
    1.158454,
    0.529,
    2.709,
    1.558,
    1.212,
    0.870442,
    1.42183,
    1.03766,
    1.472841,
    2.106326,
    0.872,
    1.557809,
    2.041,
    1.130333,
    0.320713,
    0.498095,
    0.523839,
    1.117935,
    0.797488,
    1.400149,
    0.747,
    1.514597,
    1.708979,
    1.283103,
    2.02542,
    0.718,
    2.713334,
    1.447,
    0.335456,
    1.220915,
    0.373,
    1.589556,
    1.461,
    0.773307,
    2.57969,
    1.430721,
    1.201128,
    1.140124,
    0.472,
    1.255559,
    2.871,
    1.539242,
    2.758329,
    1.035372,
    1.666209,
    2.186673,
    1.103,
    1.625299,
    1.384936,
    1.609227,
    1.520264,
    0.341485,
    0.474339,
    0.907,
    1.252645,
    0.773,
    0.795134,
    0.732144,
    1.099647,
    0.733686,
    0.273876,
    1.199,
    0.959,
    1.128,
    0.895125,
    1.074323,
    2.578,
    0.947779,
    0.931934,
    0.729692,
    1.579,
    1.100675,
    0.840595,
    0.655624,
    1.048,
    1.230066,
    0.498114,
    0.641422,
    0.601903,
    0.946035,
    1.006023,
    1.450839,
    1.506782,
    0.80949,
    0.691976,
    1.367187,
    1.663222,
    0.712162,
    1.210134,
    1.345786,
    1.042908,
    1.29497,
    0.899,
    0.386276,
    0.350569,
    1.56962,
    2.007103,
    1.81898,
    0.563222,
    2.646,
    1.385742,
    1.341065,
    0.924669,
    1.634816,
    1.545978,
    1.670337,
    1.058794,
    1.68958,
    0.958068,
    1.442651,
    0.499198,
    1.329062,
    1.498047,
    1.058504,
    1.578,
    2.119519,
    0.927889,
    0.504792,
    0.761023,
    1.538229,
    1.165669,
    1.963,
    1.569749,
    0.561,
    1.36218,
    0.718575,
    0.6,
    0.642359,
    1.321978,
    0.774,
    1.653298,
    2.637327,
    1.501269,
    1.093338,
    1.391482,
    0.817,
    1.594808,
    0.767564,
    1.259103,
    0.846,
    0.9402,
    1.579103,
    0.258078,
    1.203744,
    1.440273,
    1.642523,
    1.470984,
    1.011432,
    0.371878,
    0.579,
    1.469022,
    0.249,
    1.081614,
    2.581322,
    1.071039,
    0.7,
    1.04051,
    0.309,
    0.284,
    0.533818,
    0.378298,
    1.145,
    0.700002,
    1.589681,
    1.496444,
    0.786243,
    0.974149,
    0.766867,
    0.850534,
    1.062473,
    1.112103,
    1.276384,
    1.486403,
    0.538,
    0.535994,
    0.329067,
    0.897766,
    2.507903,
    2.54402,
    2.73744,
    0.685802,
    0.606358,
    1.715674,
    1.222103,
    0.867734,
    2.260253,
    1.166836,
    0.697963,
    0.231,
    0.403959,
    0.687335,
    0.719,
    2.068403,
    2.570665,
    1.381657,
    1.000147,
    0.929801,
    1.046476,
    1.275062,
    1.505992,
    2.825666,
    1.085168,
    0.994386,
    0.819,
    0.582908,
    0.516296,
    1.570538,
    2.688705,
    1.550453,
    0.745375,
    1.452399,
    1.816,
    1.214434,
    0.384748,
    1.516131,
    0.398,
    1.470155,
    2.635482,
    0.594,
    1.307866,
    0.988752,
    0.549589,
    1.482,
    0.877175,
    1.311248,
    1.125,
    1.659103,
    2.055,
    0.862567,
    0.75227,
    1.558647,
    0.717,
    1.993847,
    0.948445,
    1.224,
    0.936344,
    0.485842,
    0.695613,
    1.242539,
    2.043716,
    0.851648,
    1.25,
    0.851372,
    1.083612,
    1.096144,
    0.856805,
    1.26529,
    1.666359,
    2.212,
    1.135,
    1.671198,
    1.652111,
    1.771396,
    0.545584,
    0.645583,
    0.320984,
    1.268,
    1.026082,
    1.392,
    2.511748,
    1.026627,
    0.312714,
    1.155299,
    0.646014,
    1.961553,
    0.630968,
    0.554111,
    1.548331,
    1.375742,
    2.600576,
    0.412659,
    0.308819,
    0.587779,
    0.372,
    1.274451,
    2.58101,
    1.07457,
    1.016876,
    1.06596,
    1.332392,
    0.890576,
    1.117083,
    1.115549,
    0.818,
    1.346758,
    1.746236,
    1.464,
    1.246781,
    0.984906,
    1.060096,
    1.01498,
    1.545784,
    2.67155,
    1.306,
    0.529,
    0.822644,
    2.115783,
    0.920334,
    1.39,
    0.893,
    1.432969
  ],
  "5242880": [
    12.694,
    3.741368,
    6.412,
    11.294,
    6.956,
    19.2,
    7.176,
    7.44,
    12.579007,
    14.518,
    12.127,
    10.32,
    7.426887,
    11.811,
    4.591,
    4.605,
    10.082375,
    4.516,
    9.483788,
    13.446,
    12.61,
    10.791,
    6.187625,
    6.617,
    8.073562
  ],